车型,城市,上牌量
Model Y,上海,3298
Model Y,成都,2439
Model Y,深圳,2277
Model Y,北京,1667
Model Y,苏州,1355
Model Y,杭州,1214
Model Y,广州,1105
Model Y,武汉,857
Model Y,南京,703
Model Y,郑州,692
Model Y,无锡,686
Model Y,济南,676
Model Y,天津,663
Model Y,重庆,648
Model Y,温州,624
Model Y,合肥,561
Model Y,宁波,550
Model Y,长沙,546
Model Y,东莞,545
Model Y,厦门,467
Model Y,青岛,440
Model Y,佛山,437
Model Y,沈阳,377
Model Y,西安,347
Model Y,南昌,342
Model Y,常州,326
Model Y,昆明,325
Model Y,福州,323
Model Y,石家庄,303
Model Y,潍坊,293
Model Y,金华,283
Model Y,太原,273
Model Y,徐州,272
Model Y,南通,251
Model Y,贵阳,250
Model Y,海口,249
Model Y,台州,231
Model Y,南宁,231
Model Y,中山,230
Model Y,扬州,227
Model Y,长春,220
Model Y,乌鲁木齐,216
Model Y,泉州,208
Model Y,临沂,207
Model Y,大连,197
Model Y,保定,195
Model Y,嘉兴,186
Model Y,呼和浩特,175
Model Y,盐城,161
Model Y,珠海,160
Model Y,泰州,157
Model Y,烟台,151
Model Y,江门,141
Model Y,廊坊,140
Model Y,惠州,130
Model Y,唐山,124
Model Y,济宁,118
Model Y,哈尔滨,118
Model Y,湖州,109
Model Y,兰州,107
Model Y,镇江,103
Model Y,三亚,102
Model Y,绍兴,101
Model Y,亳州,91
Model Y,赣州,88
Model Y,汕头,87
Model Y,银川,83
Model Y,淄博,72
Model Y,清远,46
Model Y,岳阳,42
Model Y,沧州,34
Model Y,连云港,30
Model Y,黄冈,26
Model Y,许昌,23
Model Y,平顶山,23
Model Y,郴州,23
Model Y,盘锦,18
Model Y,丽水,17
Model Y,洛阳,14
Model Y,安庆,12
Model Y,荆州,11
Model 3,上海,1483
Model 3,杭州,771
Model 3,成都,648
Model 3,深圳,622
Model 3,苏州,608
Model 3,北京,446
Model 3,广州,356
Model 3,郑州,295
Model 3,南京,289
Model 3,重庆,284
Model 3,宁波,283
Model 3,天津,279
Model 3,武汉,273
Model 3,无锡,245
Model 3,长沙,241
Model 3,合肥,232
Model 3,温州,200
Model 3,厦门,180
Model 3,西安,179
Model 3,东莞,168
Model 3,济南,168
Model 3,南昌,144
Model 3,昆明,128
Model 3,青岛,127
Model 3,嘉兴,122
Model 3,常州,121
Model 3,石家庄,112
Model 3,佛山,98
Model 3,金华,94
Model 3,扬州,93
Model 3,南通,93
Model 3,潍坊,89
Model 3,太原,88
Model 3,徐州,87
Model 3,南宁,87
Model 3,中山,86
Model 3,福州,86
Model 3,台州,85
Model 3,贵阳,80
Model 3,湖州,79
Model 3,江门,76
Model 3,盐城,63
Model 3,乌鲁木齐,63
Model 3,临沂,61
Model 3,海口,61
Model 3,泉州,60
Model 3,泰州,59
Model 3,惠州,52
Model 3,镇江,48
Model 3,长春,47
Model 3,保定,45
Model 3,济宁,42
Model 3,沈阳,42
Model 3,珠海,41
Model 3,烟台,41
Model 3,三亚,39
Model 3,绍兴,38
Model 3,廊坊,38
Model 3,唐山,35
Model 3,大连,35
Model 3,赣州,30
Model 3,哈尔滨,29
Model 3,淄博,27
Model 3,呼和浩特,26
Model 3,银川,25
Model 3,兰州,21
Model 3,汕头,18
Model 3,清远,18
Model 3,平顶山,17
Model 3,丽水,15
Model 3,沧州,15
Model 3,岳阳,12
Model 3,许昌,12
Model 3,连云港,11
荣威Ei5,上海,926
荣威Ei5,普洱,11
宏光MINIEV,柳州,682
宏光MINIEV,成都,442
宏光MINIEV,廊坊,345
宏光MINIEV,商丘,321
宏光MINIEV,南阳,318
宏光MINIEV,临沂,313
宏光MINIEV,洛阳,302
宏光MINIEV,驻马店,290
宏光MINIEV,武汉,290
宏光MINIEV,郑州,277
宏光MINIEV,邯郸,257
宏光MINIEV,济南,237
宏光MINIEV,菏泽,234
宏光MINIEV,青岛,230
宏光MINIEV,潍坊,223
宏光MINIEV,济宁,220
宏光MINIEV,石家庄,219
宏光MINIEV,德州,213
宏光MINIEV,许昌,209
宏光MINIEV,南宁,207
宏光MINIEV,保定,203
宏光MINIEV,台州,198
宏光MINIEV,聊城,198
宏光MINIEV,周口,192
宏光MINIEV,徐州,191
宏光MINIEV,昆明,182
宏光MINIEV,新乡,180
宏光MINIEV,沈阳,168
宏光MINIEV,滨州,163
宏光MINIEV,苏州,146
宏光MINIEV,红河,142
宏光MINIEV,克拉玛依,138
宏光MINIEV,淄博,132
宏光MINIEV,金华,132
宏光MINIEV,唐山,128
宏光MINIEV,濮阳,127
宏光MINIEV,沧州,127
宏光MINIEV,温州,126
宏光MINIEV,重庆,126
宏光MINIEV,西安,119
宏光MINIEV,天津,119
宏光MINIEV,泉州,117
宏光MINIEV,平顶山,117
宏光MINIEV,桂林,117
宏光MINIEV,上海,114
宏光MINIEV,杭州,113
宏光MINIEV,阜阳,112
宏光MINIEV,运城,111
宏光MINIEV,德阳,109
宏光MINIEV,焦作,104
宏光MINIEV,漯河,99
宏光MINIEV,东莞,97
宏光MINIEV,嘉兴,96
宏光MINIEV,佛山,94
宏光MINIEV,榆林,93
宏光MINIEV,保山,93
宏光MINIEV,长沙,93
宏光MINIEV,河池,92
宏光MINIEV,邢台,91
宏光MINIEV,钦州,90
宏光MINIEV,宁波,89
宏光MINIEV,玉林,87
宏光MINIEV,北京,87
宏光MINIEV,南通,86
宏光MINIEV,广州,86
宏光MINIEV,贵港,85
宏光MINIEV,大理,84
宏光MINIEV,亳州,82
宏光MINIEV,恩施,79
宏光MINIEV,安阳,78
宏光MINIEV,汕头,77
宏光MINIEV,枣庄,76
宏光MINIEV,衢州,75
宏光MINIEV,烟台,74
宏光MINIEV,秦皇岛,74
宏光MINIEV,崇左,74
宏光MINIEV,潮州,74
宏光MINIEV,常州,73
宏光MINIEV,文山,71
宏光MINIEV,梧州,68
宏光MINIEV,曲靖,68
宏光MINIEV,扬州,67
宏光MINIEV,玉溪,66
宏光MINIEV,北海,66
宏光MINIEV,长春,66
宏光MINIEV,张家口,65
宏光MINIEV,信阳,64
宏光MINIEV,连云港,64
宏光MINIEV,盐城,63
宏光MINIEV,九江,62
宏光MINIEV,太原,62
宏光MINIEV,泰州,61
宏光MINIEV,绍兴,61
宏光MINIEV,赣州,61
宏光MINIEV,南京,61
宏光MINIEV,绵阳,60
宏光MINIEV,泰安,59
宏光MINIEV,凉山,59
宏光MINIEV,中山,58
宏光MINIEV,来宾,58
宏光MINIEV,宿迁,57
宏光MINIEV,开封,57
宏光MINIEV,晋中,56
宏光MINIEV,安庆,56
宏光MINIEV,湖州,55
宏光MINIEV,德宏,54
宏光MINIEV,贺州,53
宏光MINIEV,渭南,52
宏光MINIEV,福州,52
宏光MINIEV,临汾,51
宏光MINIEV,百色,51
宏光MINIEV,南昌,51
宏光MINIEV,合肥,51
宏光MINIEV,威海,50
宏光MINIEV,无锡,49
宏光MINIEV,黔西南,49
宏光MINIEV,防城港,49
宏光MINIEV,贵阳,47
宏光MINIEV,昭通,46
宏光MINIEV,宿州,46
宏光MINIEV,黔南,46
宏光MINIEV,宜春,45
宏光MINIEV,临沧,45
宏光MINIEV,厦门,44
宏光MINIEV,咸阳,43
宏光MINIEV,鹤壁,43
宏光MINIEV,定西,43
宏光MINIEV,遵义,42
宏光MINIEV,漳州,42
宏光MINIEV,淮安,41
宏光MINIEV,汉中,41
宏光MINIEV,宣城,40
宏光MINIEV,惠州,40
宏光MINIEV,长治,40
宏光MINIEV,伊犁,39
宏光MINIEV,上饶,39
宏光MINIEV,乐山,39
宏光MINIEV,攀枝花,38
宏光MINIEV,南充,38
宏光MINIEV,毕节,38
宏光MINIEV,西双版纳,37
宏光MINIEV,三门峡,37
宏光MINIEV,揭阳,37
宏光MINIEV,常德,37
宏光MINIEV,丽江,35
宏光MINIEV,楚雄,35
宏光MINIEV,普洱,34
宏光MINIEV,锦州,34
宏光MINIEV,丽水,33
宏光MINIEV,晋城,33
宏光MINIEV,哈尔滨,33
宏光MINIEV,莆田,32
宏光MINIEV,六盘水,32
宏光MINIEV,怀化,32
宏光MINIEV,安顺,32
宏光MINIEV,乌鲁木齐,32
宏光MINIEV,铁岭,31
宏光MINIEV,日照,31
宏光MINIEV,吕梁,31
宏光MINIEV,吉安,31
宏光MINIEV,白银,31
宏光MINIEV,永州,30
宏光MINIEV,东营,30
宏光MINIEV,蚌埠,30
宏光MINIEV,衡阳,29
宏光MINIEV,阜新,29
宏光MINIEV,海口,29
宏光MINIEV,淮北,28
宏光MINIEV,包头,28
宏光MINIEV,阿克苏,28
宏光MINIEV,镇江,27
宏光MINIEV,龙岩,27
宏光MINIEV,淮南,27
宏光MINIEV,兰州,27
宏光MINIEV,葫芦岛,26
宏光MINIEV,银川,26
宏光MINIEV,铜仁,25
宏光MINIEV,遂宁,25
宏光MINIEV,泸州,25
宏光MINIEV,鞍山,25
宏光MINIEV,娄底,24
宏光MINIEV,景德镇,24
宏光MINIEV,西宁,24
宏光MINIEV,自贡,23
宏光MINIEV,株洲,23
宏光MINIEV,营口,23
宏光MINIEV,深圳,23
宏光MINIEV,邵阳,23
宏光MINIEV,六安,23
宏光MINIEV,衡水,23
宏光MINIEV,抚州,23
宏光MINIEV,达州,23
宏光MINIEV,宝鸡,23
宏光MINIEV,眉山,22
宏光MINIEV,辽阳,22
宏光MINIEV,池州,22
宏光MINIEV,郴州,22
宏光MINIEV,岳阳,21
宏光MINIEV,忻州,21
宏光MINIEV,庆阳,21
宏光MINIEV,鄂尔多斯,21
宏光MINIEV,滁州,21
宏光MINIEV,内江,20
宏光MINIEV,安康,20
宏光MINIEV,珠海,19
宏光MINIEV,宜宾,19
宏光MINIEV,佳木斯,19
宏光MINIEV,大同,19
宏光MINIEV,大连,19
宏光MINIEV,湘潭,18
宏光MINIEV,江门,18
宏光MINIEV,湘西,17
宏光MINIEV,黄冈,17
宏光MINIEV,湛江,16
宏光MINIEV,萍乡,16
宏光MINIEV,宁德,16
宏光MINIEV,广元,16
宏光MINIEV,延边,15
宏光MINIEV,雅安,15
宏光MINIEV,铜陵,15
宏光MINIEV,商洛,15
宏光MINIEV,清远,15
宏光MINIEV,承德,15
宏光MINIEV,肇庆,14
宏光MINIEV,朔州,14
宏光MINIEV,哈密,14
宏光MINIEV,丹东,14
宏光MINIEV,赤峰,14
宏光MINIEV,马鞍山,13
宏光MINIEV,河源,13
宏光MINIEV,益阳,12
宏光MINIEV,新余,12
宏光MINIEV,芜湖,12
宏光MINIEV,通辽,12
宏光MINIEV,平凉,12
宏光MINIEV,喀什,12
宏光MINIEV,黄山,12
宏光MINIEV,昌吉,12
宏光MINIEV,拉萨,12
宏光MINIEV,舟山,11
宏光MINIEV,阳泉,11
宏光MINIEV,延安,11
宏光MINIEV,天水,11
宏光MINIEV,韶关,11
宏光MINIEV,酒泉,11
宏光MINIEV,抚顺,11
宋PLUS新能源,深圳,1308
宋PLUS新能源,成都,924
宋PLUS新能源,广州,876
宋PLUS新能源,郑州,873
宋PLUS新能源,上海,675
宋PLUS新能源,西安,668
宋PLUS新能源,重庆,666
宋PLUS新能源,武汉,600
宋PLUS新能源,天津,579
宋PLUS新能源,苏州,515
宋PLUS新能源,北京,445
宋PLUS新能源,佛山,435
宋PLUS新能源,杭州,405
宋PLUS新能源,东莞,382
宋PLUS新能源,长沙,355
宋PLUS新能源,沈阳,337
宋PLUS新能源,合肥,322
宋PLUS新能源,厦门,308
宋PLUS新能源,太原,296
宋PLUS新能源,南京,291
宋PLUS新能源,海口,286
宋PLUS新能源,济南,269
宋PLUS新能源,青岛,267
宋PLUS新能源,无锡,250
宋PLUS新能源,银川,248
宋PLUS新能源,南宁,239
宋PLUS新能源,温州,238
宋PLUS新能源,宁波,231
宋PLUS新能源,南昌,224
宋PLUS新能源,唐山,213
宋PLUS新能源,金华,207
宋PLUS新能源,兰州,197
宋PLUS新能源,洛阳,188
宋PLUS新能源,常州,184
宋PLUS新能源,石家庄,181
宋PLUS新能源,长春,181
宋PLUS新能源,南通,179
宋PLUS新能源,大连,170
宋PLUS新能源,徐州,159
宋PLUS新能源,潍坊,157
宋PLUS新能源,惠州,155
宋PLUS新能源,济宁,152
宋PLUS新能源,鄂尔多斯,141
宋PLUS新能源,呼和浩特,140
宋PLUS新能源,中山,139
宋PLUS新能源,福州,139
宋PLUS新能源,绍兴,136
宋PLUS新能源,江门,136
宋PLUS新能源,乌鲁木齐,131
宋PLUS新能源,淄博,129
宋PLUS新能源,赣州,129
宋PLUS新能源,哈尔滨,126
宋PLUS新能源,保定,122
宋PLUS新能源,昆明,118
宋PLUS新能源,珠海,114
宋PLUS新能源,台州,110
宋PLUS新能源,咸阳,104
宋PLUS新能源,包头,104
宋PLUS新能源,临沂,103
宋PLUS新能源,邯郸,103
宋PLUS新能源,三亚,102
宋PLUS新能源,嘉兴,102
宋PLUS新能源,烟台,101
宋PLUS新能源,贵阳,99
宋PLUS新能源,榆林,98
宋PLUS新能源,汕头,96
宋PLUS新能源,衡阳,95
宋PLUS新能源,阜阳,94
宋PLUS新能源,菏泽,92
宋PLUS新能源,泰州,88
宋PLUS新能源,南阳,87
宋PLUS新能源,连云港,87
宋PLUS新能源,长治,87
宋PLUS新能源,湛江,86
宋PLUS新能源,枣庄,86
宋PLUS新能源,廊坊,86
宋PLUS新能源,运城,85
宋PLUS新能源,周口,83
宋PLUS新能源,邢台,82
宋PLUS新能源,沧州,80
宋PLUS新能源,湖州,77
宋PLUS新能源,滨州,75
宋PLUS新能源,新乡,74
宋PLUS新能源,遵义,73
宋PLUS新能源,绵阳,73
宋PLUS新能源,东营,73
宋PLUS新能源,盐城,72
宋PLUS新能源,焦作,71
宋PLUS新能源,泉州,70
宋PLUS新能源,德州,68
宋PLUS新能源,渭南,65
宋PLUS新能源,扬州,63
宋PLUS新能源,商丘,62
宋PLUS新能源,聊城,62
宋PLUS新能源,开封,61
宋PLUS新能源,荆州,61
宋PLUS新能源,宜昌,60
宋PLUS新能源,临汾,60
宋PLUS新能源,淮安,60
宋PLUS新能源,芜湖,59
宋PLUS新能源,宿迁,59
宋PLUS新能源,晋中,59
宋PLUS新能源,信阳,58
宋PLUS新能源,襄阳,58
宋PLUS新能源,揭阳,57
宋PLUS新能源,西宁,57
宋PLUS新能源,威海,56
宋PLUS新能源,平顶山,56
宋PLUS新能源,德阳,56
宋PLUS新能源,茂名,54
宋PLUS新能源,九江,53
宋PLUS新能源,安阳,53
宋PLUS新能源,许昌,52
宋PLUS新能源,黄冈,52
宋PLUS新能源,泰安,51
宋PLUS新能源,河源,51
宋PLUS新能源,株洲,50
宋PLUS新能源,驻马店,50
宋PLUS新能源,乐山,50
宋PLUS新能源,滁州,50
宋PLUS新能源,曲靖,48
宋PLUS新能源,上饶,46
宋PLUS新能源,阿克苏,46
宋PLUS新能源,岳阳,45
宋PLUS新能源,清远,45
宋PLUS新能源,昌吉,45
宋PLUS新能源,忻州,44
宋PLUS新能源,梅州,44
宋PLUS新能源,衡水,44
宋PLUS新能源,衢州,43
宋PLUS新能源,抚州,43
宋PLUS新能源,秦皇岛,42
宋PLUS新能源,南充,42
宋PLUS新能源,晋城,42
宋PLUS新能源,宝鸡,42
宋PLUS新能源,阳泉,41
宋PLUS新能源,安康,41
宋PLUS新能源,营口,40
宋PLUS新能源,漯河,40
宋PLUS新能源,铜仁,39
宋PLUS新能源,濮阳,39
宋PLUS新能源,潮州,39
宋PLUS新能源,怀化,38
宋PLUS新能源,镇江,37
宋PLUS新能源,十堰,37
宋PLUS新能源,喀什,37
宋PLUS新能源,黄石,35
宋PLUS新能源,毕节,35
宋PLUS新能源,安庆,35
宋PLUS新能源,六安,34
宋PLUS新能源,荆门,34
宋PLUS新能源,宜春,33
宋PLUS新能源,韶关,33
宋PLUS新能源,娄底,33
宋PLUS新能源,桂林,33
宋PLUS新能源,赤峰,33
宋PLUS新能源,吉安,32
宋PLUS新能源,汉中,32
宋PLUS新能源,达州,32
宋PLUS新能源,大庆,32
宋PLUS新能源,伊犁,31
宋PLUS新能源,眉山,31
宋PLUS新能源,孝感,30
宋PLUS新能源,乌海,30
宋PLUS新能源,大同,30
宋PLUS新能源,通辽,29
宋PLUS新能源,平凉,29
宋PLUS新能源,吕梁,29
宋PLUS新能源,淮北,29
宋PLUS新能源,常德,29
宋PLUS新能源,朔州,28
宋PLUS新能源,柳州,28
宋PLUS新能源,六盘水,28
宋PLUS新能源,恩施,28
宋PLUS新能源,肇庆,27
宋PLUS新能源,漳州,27
宋PLUS新能源,鹰潭,27
宋PLUS新能源,阳江,27
宋PLUS新能源,宣城,27
宋PLUS新能源,泸州,27
宋PLUS新能源,永州,26
宋PLUS新能源,武威,26
宋PLUS新能源,遂宁,26
宋PLUS新能源,承德,26
宋PLUS新能源,自贡,25
宋PLUS新能源,宜宾,25
宋PLUS新能源,延安,25
宋PLUS新能源,湘潭,25
宋PLUS新能源,宿州,25
宋PLUS新能源,日照,25
宋PLUS新能源,萍乡,25
宋PLUS新能源,锦州,25
宋PLUS新能源,郴州,25
宋PLUS新能源,亳州,25
宋PLUS新能源,莆田,24
宋PLUS新能源,内江,24
宋PLUS新能源,玉林,23
宋PLUS新能源,庆阳,23
宋PLUS新能源,马鞍山,23
宋PLUS新能源,吉林,23
宋PLUS新能源,广元,23
宋PLUS新能源,邵阳,22
宋PLUS新能源,三门峡,22
宋PLUS新能源,云浮,21
宋PLUS新能源,黔西南,20
宋PLUS新能源,盘锦,20
宋PLUS新能源,丽水,20
宋PLUS新能源,广安,20
宋PLUS新能源,巴中,20
宋PLUS新能源,钦州,19
宋PLUS新能源,凉山,19
宋PLUS新能源,蚌埠,19
宋PLUS新能源,张掖,18
宋PLUS新能源,玉溪,18
宋PLUS新能源,咸宁,18
宋PLUS新能源,铜陵,18
宋PLUS新能源,铜川,18
宋PLUS新能源,天水,18
宋PLUS新能源,池州,18
宋PLUS新能源,拉萨,18
宋PLUS新能源,锡林郭勒,17
宋PLUS新能源,淮南,17
宋PLUS新能源,资阳,16
宋PLUS新能源,兴安盟,16
宋PLUS新能源,随州,16
宋PLUS新能源,松原,16
宋PLUS新能源,黔东南,16
宋PLUS新能源,南平,16
宋PLUS新能源,景德镇,16
宋PLUS新能源,朝阳,16
宋PLUS新能源,保山,16
宋PLUS新能源,张家口,15
宋PLUS新能源,宁德,15
宋PLUS新能源,龙岩,15
宋PLUS新能源,临夏,15
宋PLUS新能源,河池,15
宋PLUS新能源,鹤壁,15
宋PLUS新能源,防城港,15
宋PLUS新能源,北海,15
宋PLUS新能源,阿坝,15
宋PLUS新能源,新余,14
宋PLUS新能源,辽阳,14
宋PLUS新能源,酒泉,14
宋PLUS新能源,贵港,14
宋PLUS新能源,黔南,13
宋PLUS新能源,攀枝花,13
宋PLUS新能源,三明,12
宋PLUS新能源,红河,12
宋PLUS新能源,巴彦淖尔,12
宋PLUS新能源,白银,12
宋PLUS新能源,安顺,12
宋PLUS新能源,舟山,11
宋PLUS新能源,张家界,11
宋PLUS新能源,益阳,11
宋PLUS新能源,文山,11
宋PLUS新能源,汕尾,11
宋PLUS新能源,齐齐哈尔,11
宋PLUS新能源,克拉玛依,11
宋PLUS新能源,固原,11
宋PLUS新能源,大理,11
宋PLUS新能源,楚雄,11
汉,深圳,994
汉,成都,985
汉,上海,902
汉,北京,630
汉,广州,595
汉,苏州,561
汉,杭州,545
汉,重庆,500
汉,郑州,498
汉,合肥,450
汉,西安,441
汉,武汉,424
汉,长沙,374
汉,无锡,352
汉,南京,275
汉,天津,270
汉,宁波,254
汉,东莞,252
汉,海口,250
汉,太原,236
汉,青岛,234
汉,金华,214
汉,石家庄,205
汉,常州,203
汉,济南,199
汉,南宁,190
汉,佛山,187
汉,南通,181
汉,昆明,178
汉,台州,172
汉,南昌,165
汉,温州,163
汉,惠州,145
汉,淄博,137
汉,嘉兴,137
汉,沧州,132
汉,徐州,131
汉,鄂尔多斯,125
汉,贵阳,125
汉,沈阳,124
汉,潍坊,117
汉,绍兴,113
汉,长春,113
汉,唐山,109
汉,临沂,109
汉,中山,107
汉,厦门,104
汉,泉州,103
汉,滨州,102
汉,大连,100
汉,淮安,97
汉,汕头,94
汉,湖州,90
汉,扬州,87
汉,洛阳,87
汉,邯郸,86
汉,福州,85
汉,哈尔滨,83
汉,镇江,79
汉,保定,78
汉,烟台,77
汉,泰州,75
汉,济宁,75
汉,邢台,73
汉,德阳,72
汉,长治,70
汉,连云港,69
汉,珠海,68
汉,阜阳,67
汉,商丘,65
汉,东营,65
汉,宜昌,64
汉,呼和浩特,64
汉,宿迁,62
汉,江门,60
汉,菏泽,59
汉,乌鲁木齐,59
汉,盐城,57
汉,芜湖,57
汉,三亚,57
汉,衡阳,57
汉,赣州,56
汉,银川,56
汉,咸阳,55
汉,六安,55
汉,遵义,53
汉,信阳,52
汉,襄阳,52
汉,桂林,50
汉,南阳,49
汉,漯河,49
汉,廊坊,49
汉,威海,48
汉,黄冈,48
汉,营口,47
汉,聊城,47
汉,九江,45
汉,荆州,45
汉,运城,44
汉,兰州,44
汉,株洲,43
汉,周口,43
汉,新乡,43
汉,绵阳,43
汉,焦作,43
汉,泰安,42
汉,泸州,42
汉,亳州,42
汉,晋城,41
汉,黄石,41
汉,蚌埠,41
汉,宜春,40
汉,滁州,40
汉,安阳,40
汉,衡水,39
汉,包头,39
汉,枣庄,38
汉,岳阳,37
汉,眉山,37
汉,临汾,37
汉,濮阳,36
汉,盘锦,36
汉,柳州,36
汉,德州,36
汉,榆林,34
汉,许昌,34
汉,宣城,34
汉,驻马店,33
汉,湘潭,33
汉,曲靖,33
汉,莆田,33
汉,马鞍山,33
汉,郴州,33
汉,宜宾,32
汉,邵阳,32
汉,河源,32
汉,舟山,31
汉,永州,30
汉,南充,30
汉,常德,30
汉,宿州,28
汉,衢州,28
汉,平顶山,28
汉,开封,28
汉,安庆,28
汉,张家口,27
汉,渭南,27
汉,十堰,27
汉,抚州,27
汉,益阳,26
汉,秦皇岛,26
汉,铜陵,25
汉,大同,25
汉,宝鸡,25
汉,清远,24
汉,乐山,24
汉,揭阳,24
汉,湛江,23
汉,铜仁,23
汉,达州,23
汉,西宁,23
汉,茂名,22
汉,荆门,22
汉,延安,21
汉,韶关,21
汉,梅州,21
汉,淮南,21
汉,池州,21
汉,新余,20
汉,孝感,20
汉,景德镇,20
汉,广安,20
汉,漳州,19
汉,三明,19
汉,日照,19
汉,儋州,19
汉,潮州,19
汉,自贡,18
汉,伊犁,18
汉,钦州,18
汉,娄底,18
汉,恩施,18
汉,玉林,17
汉,阳江,17
汉,随州,17
汉,遂宁,17
汉,龙岩,17
汉,丽水,17
汉,锦州,17
汉,吉安,17
汉,汉中,17
汉,毕节,17
汉,鹰潭,16
汉,阳泉,16
汉,黔东南,16
汉,黄山,16
汉,大庆,16
汉,赤峰,16
汉,肇庆,15
汉,黔南,15
汉,内江,15
汉,怀化,15
汉,淮北,15
汉,通辽,14
汉,萍乡,14
汉,凉山,14
汉,葫芦岛,14
汉,喀什,13
汉,红河,13
汉,承德,13
汉,乌海,12
汉,黔西南,12
汉,宁德,12
汉,鞍山,12
汉,张家界,11
汉,咸宁,11
汉,梧州,11
汉,晋中,11
汉,吉林,11
汉,大理,11
汉,巴中,11
汉,保山,11
秦PLUS,天津,1563
秦PLUS,深圳,1171
秦PLUS,成都,1129
秦PLUS,杭州,922
秦PLUS,苏州,895
秦PLUS,北京,863
秦PLUS,上海,848
秦PLUS,郑州,807
秦PLUS,广州,803
秦PLUS,南宁,745
秦PLUS,重庆,698
秦PLUS,合肥,641
秦PLUS,武汉,603
秦PLUS,西安,602
秦PLUS,青岛,590
秦PLUS,石家庄,562
秦PLUS,长春,559
秦PLUS,沈阳,551
秦PLUS,无锡,519
秦PLUS,长沙,459
秦PLUS,佛山,452
秦PLUS,济南,446
秦PLUS,东莞,444
秦PLUS,贵阳,404
秦PLUS,江门,378
秦PLUS,宁波,370
秦PLUS,南京,353
秦PLUS,大连,349
秦PLUS,昆明,341
秦PLUS,金华,326
秦PLUS,唐山,311
秦PLUS,淄博,304
秦PLUS,南昌,299
秦PLUS,哈尔滨,290
秦PLUS,惠州,287
秦PLUS,海口,286
秦PLUS,中山,274
秦PLUS,福州,274
秦PLUS,临沂,271
秦PLUS,太原,267
秦PLUS,温州,258
秦PLUS,保定,258
秦PLUS,南通,257
秦PLUS,廊坊,257
秦PLUS,珠海,246
秦PLUS,烟台,232
秦PLUS,徐州,231
秦PLUS,赣州,229
秦PLUS,济宁,222
秦PLUS,汕头,221
秦PLUS,嘉兴,217
秦PLUS,泉州,215
秦PLUS,常州,214
秦PLUS,潍坊,211
秦PLUS,台州,201
秦PLUS,邯郸,200
秦PLUS,洛阳,195
秦PLUS,柳州,191
秦PLUS,沧州,188
秦PLUS,厦门,183
秦PLUS,桂林,175
秦PLUS,泰州,170
秦PLUS,扬州,165
秦PLUS,菏泽,164
秦PLUS,九江,158
秦PLUS,滨州,152
秦PLUS,乌鲁木齐,152
秦PLUS,邢台,151
秦PLUS,衡阳,140
秦PLUS,襄阳,137
秦PLUS,宜昌,135
秦PLUS,淮安,132
秦PLUS,南阳,130
秦PLUS,连云港,130
秦PLUS,镇江,129
秦PLUS,威海,128
秦PLUS,商丘,128
秦PLUS,阜阳,128
秦PLUS,湖州,127
秦PLUS,大理,125
秦PLUS,鄂尔多斯,119
秦PLUS,绍兴,116
秦PLUS,周口,115
秦PLUS,遵义,114
秦PLUS,盐城,113
秦PLUS,黄冈,112
秦PLUS,包头,110
秦PLUS,银川,107
秦PLUS,岳阳,106
秦PLUS,三亚,106
秦PLUS,湛江,104
秦PLUS,泰安,104
秦PLUS,绵阳,104
秦PLUS,北海,104
秦PLUS,新乡,102
秦PLUS,咸阳,102
秦PLUS,开封,102
秦PLUS,枣庄,101
秦PLUS,清远,101
秦PLUS,驻马店,99
秦PLUS,聊城,98
秦PLUS,兰州,98
秦PLUS,许昌,97
秦PLUS,德阳,96
秦PLUS,呼和浩特,92
秦PLUS,芜湖,90
秦PLUS,平顶山,88
秦PLUS,德州,87
秦PLUS,常德,87
秦PLUS,漯河,86
秦PLUS,秦皇岛,85
秦PLUS,黄石,85
秦PLUS,西宁,85
秦PLUS,吉安,84
秦PLUS,信阳,81
秦PLUS,曲靖,81
秦PLUS,亳州,81
秦PLUS,孝感,80
秦PLUS,眉山,80
秦PLUS,茂名,80
秦PLUS,宿迁,79
秦PLUS,宜春,78
秦PLUS,十堰,77
秦PLUS,百色,77
秦PLUS,肇庆,76
秦PLUS,运城,76
秦PLUS,渭南,75
秦PLUS,日照,75
秦PLUS,宜宾,74
秦PLUS,荆州,74
秦PLUS,河源,74
秦PLUS,萍乡,73
秦PLUS,六安,73
秦PLUS,衡水,73
秦PLUS,株洲,72
秦PLUS,阿克苏,72
秦PLUS,湘潭,71
秦PLUS,汉中,71
秦PLUS,蚌埠,71
秦PLUS,榆林,70
秦PLUS,宝鸡,70
秦PLUS,漳州,68
秦PLUS,邵阳,68
秦PLUS,黔西南,67
秦PLUS,六盘水,67
秦PLUS,郴州,67
秦PLUS,安阳,66
秦PLUS,咸宁,65
秦PLUS,永州,64
秦PLUS,玉林,63
秦PLUS,焦作,62
秦PLUS,伊犁,61
秦PLUS,抚州,60
秦PLUS,滁州,60
秦PLUS,韶关,58
秦PLUS,红河,58
秦PLUS,大同,58
秦PLUS,乐山,57
秦PLUS,西双版纳,56
秦PLUS,安庆,56
秦PLUS,莆田,55
秦PLUS,汕尾,54
秦PLUS,盘锦,54
秦PLUS,赤峰,54
秦PLUS,黔南,53
秦PLUS,喀什,53
秦PLUS,承德,53
秦PLUS,衢州,52
秦PLUS,钦州,52
秦PLUS,临汾,52
秦PLUS,长治,52
秦PLUS,晋城,51
秦PLUS,张家口,50
秦PLUS,宿州,50
秦PLUS,丽水,50
秦PLUS,凉山,49
秦PLUS,贵港,48
秦PLUS,恩施,48
秦PLUS,东营,48
秦PLUS,拉萨,48
秦PLUS,梧州,47
秦PLUS,梅州,47
秦PLUS,泸州,47
秦PLUS,淮北,47
秦PLUS,自贡,46
秦PLUS,云浮,46
秦PLUS,遂宁,46
秦PLUS,鹰潭,45
秦PLUS,阳江,44
秦PLUS,濮阳,44
秦PLUS,马鞍山,44
秦PLUS,防城港,44
秦PLUS,娄底,43
秦PLUS,怀化,43
秦PLUS,上饶,42
秦PLUS,三明,42
秦PLUS,内江,41
秦PLUS,荆门,41
秦PLUS,景德镇,41
秦PLUS,营口,40
秦PLUS,晋中,40
秦PLUS,毕节,40
秦PLUS,铜陵,39
秦PLUS,铜仁,38
秦PLUS,安康,38
秦PLUS,新余,37
秦PLUS,南充,37
秦PLUS,达州,37
秦PLUS,通辽,36
秦PLUS,潮州,36
秦PLUS,来宾,35
秦PLUS,玉溪,34
秦PLUS,揭阳,34
秦PLUS,宣城,33
秦PLUS,大庆,33
秦PLUS,保山,33
秦PLUS,益阳,32
秦PLUS,昌吉,32
秦PLUS,贺州,30
秦PLUS,鞍山,30
秦PLUS,资阳,29
秦PLUS,兴安盟,28
秦PLUS,文山,28
秦PLUS,铁岭,28
秦PLUS,龙岩,28
秦PLUS,张家界,27
秦PLUS,广安,27
秦PLUS,商洛,26
秦PLUS,三门峡,26
秦PLUS,丽江,26
秦PLUS,锦州,26
秦PLUS,吉林,26
秦PLUS,河池,26
秦PLUS,随州,25
秦PLUS,黔东南,25
秦PLUS,牡丹江,25
秦PLUS,临沧,25
秦PLUS,呼伦贝尔,24
秦PLUS,楚雄,24
秦PLUS,平凉,23
秦PLUS,南平,23
秦PLUS,昭通,22
秦PLUS,黄山,22
秦PLUS,德宏,22
秦PLUS,巴中,22
秦PLUS,安顺,22
秦PLUS,舟山,21
秦PLUS,庆阳,21
秦PLUS,佳木斯,21
秦PLUS,哈密,21
秦PLUS,池州,21
秦PLUS,齐齐哈尔,20
秦PLUS,攀枝花,20
秦PLUS,广元,20
秦PLUS,丹东,20
秦PLUS,葫芦岛,19
秦PLUS,鹤壁,19
秦PLUS,儋州,19
秦PLUS,巴彦淖尔,19
秦PLUS,阿坝,19
秦PLUS,双鸭山,18
秦PLUS,普洱,18
秦PLUS,朝阳,18
秦PLUS,湘西,17
秦PLUS,吕梁,17
秦PLUS,延安,16
秦PLUS,武威,16
秦PLUS,铜川,16
秦PLUS,定西,15
秦PLUS,雅安,14
秦PLUS,忻州,14
秦PLUS,通化,14
秦PLUS,克拉玛依,14
秦PLUS,松原,13
秦PLUS,淮南,13
秦PLUS,中卫,12
秦PLUS,阳泉,12
秦PLUS,乌海,12
秦PLUS,天水,12
秦PLUS,宁德,12
秦PLUS,乌兰察布,11
秦PLUS,绥化,11
秦PLUS,固原,11
秦PLUS,迪庆,11
理想ONE,郑州,192
理想ONE,西安,169
理想ONE,成都,158
理想ONE,重庆,143
理想ONE,杭州,138
理想ONE,石家庄,109
理想ONE,太原,75
理想ONE,天津,69
理想ONE,深圳,61
理想ONE,广州,61
理想ONE,沈阳,59
理想ONE,汕头,58
理想ONE,哈尔滨,56
理想ONE,唐山,55
理想ONE,贵阳,53
理想ONE,长沙,52
理想ONE,武汉,51
理想ONE,海口,45
理想ONE,济南,44
理想ONE,长春,41
理想ONE,常州,35
理想ONE,榆林,34
理想ONE,北京,34
理想ONE,中山,33
理想ONE,洛阳,33
理想ONE,大连,33
理想ONE,呼和浩特,33
理想ONE,厦门,32
理想ONE,苏州,32
理想ONE,佛山,31
理想ONE,南宁,31
理想ONE,合肥,31
理想ONE,东莞,30
理想ONE,三亚,28
理想ONE,青岛,28
理想ONE,鄂尔多斯,28
理想ONE,包头,25
理想ONE,淄博,22
理想ONE,上海,22
理想ONE,金华,20
理想ONE,兰州,20
理想ONE,台州,19
理想ONE,乌鲁木齐,19
理想ONE,嘉兴,18
理想ONE,惠州,18
理想ONE,邯郸,18
理想ONE,银川,18
理想ONE,南昌,18
理想ONE,鞍山,16
理想ONE,保定,15
理想ONE,南京,13
理想ONE,秦皇岛,12
理想ONE,临沂,12
理想ONE,昆明,12
理想ONE,烟台,11
理想ONE,徐州,11
理想ONE,泉州,11
理想ONE,宁波,11
理想ONE,衡阳,11
唐新能源,深圳,862
唐新能源,成都,606
唐新能源,广州,440
唐新能源,郑州,412
唐新能源,西安,392
唐新能源,重庆,372
唐新能源,天津,326
唐新能源,武汉,277
唐新能源,北京,267
唐新能源,杭州,210
唐新能源,苏州,206
唐新能源,佛山,204
唐新能源,上海,203
唐新能源,合肥,202
唐新能源,长沙,180
唐新能源,沈阳,178
唐新能源,石家庄,151
唐新能源,青岛,147
唐新能源,济南,143
唐新能源,无锡,141
唐新能源,东莞,141
唐新能源,南宁,138
唐新能源,哈尔滨,131
唐新能源,长春,127
唐新能源,太原,126
唐新能源,鄂尔多斯,125
唐新能源,唐山,124
唐新能源,南京,121
唐新能源,中山,108
唐新能源,昆明,102
唐新能源,沧州,98
唐新能源,兰州,96
唐新能源,潍坊,94
唐新能源,南昌,94
唐新能源,惠州,91
唐新能源,乌鲁木齐,90
唐新能源,大连,89
唐新能源,银川,89
唐新能源,贵阳,82
唐新能源,宁波,81
唐新能源,洛阳,79
唐新能源,临沂,79
唐新能源,淄博,78
唐新能源,海口,77
唐新能源,邢台,71
唐新能源,包头,71
唐新能源,保定,71
唐新能源,邯郸,70
唐新能源,常州,69
唐新能源,厦门,68
唐新能源,金华,68
唐新能源,济宁,63
唐新能源,江门,63
唐新能源,榆林,59
唐新能源,渭南,58
唐新能源,徐州,57
唐新能源,珠海,51
唐新能源,咸阳,51
唐新能源,福州,51
唐新能源,呼和浩特,50
唐新能源,聊城,48
唐新能源,台州,47
唐新能源,绍兴,47
唐新能源,嘉兴,46
唐新能源,信阳,45
唐新能源,商丘,43
唐新能源,南通,43
唐新能源,绵阳,43
唐新能源,淮安,43
唐新能源,德阳,43
唐新能源,伊犁,42
唐新能源,襄阳,42
唐新能源,遵义,41
唐新能源,宜昌,41
唐新能源,秦皇岛,41
唐新能源,滨州,41
唐新能源,镇江,40
唐新能源,温州,40
唐新能源,廊坊,40
唐新能源,营口,39
唐新能源,烟台,39
唐新能源,三亚,39
唐新能源,东营,39
唐新能源,西宁,38
唐新能源,运城,37
唐新能源,汕头,37
唐新能源,南阳,37
唐新能源,大庆,37
唐新能源,柳州,36
唐新能源,泉州,35
唐新能源,湖州,35
唐新能源,黄冈,35
唐新能源,新乡,34
唐新能源,泰安,34
唐新能源,菏泽,33
唐新能源,衡阳,33
唐新能源,宝鸡,33
唐新能源,芜湖,32
唐新能源,南充,32
唐新能源,漯河,32
唐新能源,曲靖,31
唐新能源,眉山,31
唐新能源,晋城,31
唐新能源,赣州,31
唐新能源,平顶山,30
唐新能源,德州,30
唐新能源,株洲,29
唐新能源,驻马店,29
唐新能源,盘锦,29
唐新能源,泸州,29
唐新能源,乐山,29
唐新能源,九江,29
唐新能源,桂林,29
唐新能源,长治,28
唐新能源,蚌埠,28
唐新能源,阿克苏,28
唐新能源,宜春,27
唐新能源,泰州,27
唐新能源,焦作,27
唐新能源,潮州,27
唐新能源,黄石,26
唐新能源,韶关,25
唐新能源,清远,25
唐新能源,枣庄,24
唐新能源,连云港,24
唐新能源,衡水,24
唐新能源,大同,24
唐新能源,扬州,23
唐新能源,常德,23
唐新能源,湘潭,22
唐新能源,威海,22
唐新能源,濮阳,22
唐新能源,荆州,22
唐新能源,阜阳,22
唐新能源,安庆,22
唐新能源,自贡,21
唐新能源,岳阳,21
唐新能源,临汾,21
唐新能源,怀化,21
唐新能源,湛江,20
唐新能源,阳江,20
唐新能源,十堰,20
唐新能源,茂名,20
唐新能源,周口,19
唐新能源,许昌,19
唐新能源,攀枝花,19
唐新能源,梅州,19
唐新能源,郴州,19
唐新能源,张家口,18
唐新能源,云浮,18
唐新能源,玉林,18
唐新能源,宜宾,18
唐新能源,武威,18
唐新能源,邵阳,18
唐新能源,六安,18
唐新能源,揭阳,18
唐新能源,乌海,17
唐新能源,铜仁,17
唐新能源,黔西南,17
唐新能源,喀什,17
唐新能源,开封,17
唐新能源,河源,17
唐新能源,安阳,17
唐新能源,咸宁,16
唐新能源,铜陵,16
唐新能源,通辽,16
唐新能源,娄底,16
唐新能源,锦州,16
唐新能源,吉林,16
唐新能源,汉中,16
唐新能源,赤峰,16
唐新能源,张掖,15
唐新能源,延安,15
唐新能源,遂宁,15
唐新能源,齐齐哈尔,15
唐新能源,钦州,15
唐新能源,晋中,15
唐新能源,吉安,15
唐新能源,白山,15
唐新能源,永州,14
唐新能源,日照,14
唐新能源,马鞍山,14
唐新能源,吕梁,14
唐新能源,葫芦岛,14
唐新能源,哈密,14
唐新能源,贵港,14
唐新能源,恩施,14
唐新能源,乌兰察布,13
唐新能源,四平,13
唐新能源,庆阳,13
唐新能源,淮南,13
唐新能源,广安,13
唐新能源,达州,13
唐新能源,池州,13
唐新能源,亳州,13
唐新能源,孝感,12
唐新能源,文山,12
唐新能源,宿迁,12
唐新能源,商洛,12
唐新能源,三门峡,12
唐新能源,牡丹江,12
唐新能源,龙岩,12
唐新能源,凉山,12
唐新能源,荆门,12
唐新能源,朝阳,12
唐新能源,昌吉,12
唐新能源,安顺,12
唐新能源,阿坝,12
唐新能源,资阳,11
唐新能源,玉溪,11
唐新能源,益阳,11
唐新能源,湘西,11
唐新能源,铜川,11
唐新能源,铁岭,11
唐新能源,天水,11
唐新能源,松原,11
唐新能源,克拉玛依,11
唐新能源,佳木斯,11
唐新能源,毕节,11
唐新能源,巴中,11
唐新能源,白银,11
唐新能源,百色,11
唐新能源,安康,11
海豚,上海,3122
海豚,成都,888
海豚,郑州,800
海豚,苏州,657
海豚,天津,648
海豚,深圳,526
海豚,武汉,465
海豚,杭州,464
海豚,合肥,438
海豚,南京,434
海豚,温州,416
海豚,无锡,397
海豚,宁波,384
海豚,重庆,380
海豚,金华,363
海豚,南通,361
海豚,济宁,339
海豚,徐州,329
海豚,洛阳,327
海豚,台州,324
海豚,常州,317
海豚,长沙,310
海豚,南宁,302
海豚,北京,300
海豚,广州,292
海豚,湖州,279
海豚,济南,274
海豚,太原,273
海豚,南昌,264
海豚,西安,258
海豚,东莞,246
海豚,石家庄,246
海豚,青岛,235
海豚,佛山,230
海豚,保定,227
海豚,嘉兴,225
海豚,枣庄,221
海豚,临沂,217
海豚,唐山,209
海豚,菏泽,204
海豚,商丘,199
海豚,沈阳,199
海豚,绍兴,187
海豚,淮安,180
海豚,淄博,176
海豚,泰州,176
海豚,昆明,175
海豚,阜阳,165
海豚,泉州,163
海豚,潍坊,158
海豚,邯郸,157
海豚,中山,155
海豚,贵阳,154
海豚,新乡,148
海豚,亳州,147
海豚,扬州,143
海豚,福州,143
海豚,廊坊,136
海豚,镇江,135
海豚,焦作,133
海豚,盐城,132
海豚,赣州,128
海豚,芜湖,125
海豚,沧州,125
海豚,周口,122
海豚,长治,121
海豚,海口,121
海豚,连云港,120
海豚,柳州,117
海豚,大连,116
海豚,襄阳,115
海豚,开封,115
海豚,邢台,114
海豚,呼和浩特,108
海豚,运城,106
海豚,滨州,105
海豚,东营,102
海豚,九江,100
海豚,厦门,99
海豚,惠州,99
海豚,德州,99
海豚,驻马店,98
海豚,南阳,95
海豚,晋城,94
海豚,汕头,93
海豚,宿迁,92
海豚,濮阳,92
海豚,绵阳,90
海豚,聊城,90
海豚,江门,89
海豚,银川,89
海豚,晋中,88
海豚,烟台,87
海豚,包头,82
海豚,临汾,81
海豚,衢州,79
海豚,漯河,78
海豚,衡水,78
海豚,安庆,78
海豚,桂林,77
海豚,宜昌,76
海豚,马鞍山,75
海豚,遵义,73
海豚,安阳,72
海豚,珠海,71
海豚,许昌,71
海豚,平顶山,71
海豚,六安,67
海豚,滁州,67
海豚,乐山,65
海豚,咸阳,62
海豚,日照,61
海豚,荆州,60
海豚,德阳,60
海豚,玉林,59
海豚,乌鲁木齐,59
海豚,宣城,58
海豚,长春,57
海豚,泰安,55
海豚,梅州,55
海豚,南充,54
海豚,上饶,53
海豚,宜春,51
海豚,宜宾,51
海豚,泸州,50
海豚,淮北,50
海豚,萍乡,49
海豚,丽水,49
海豚,黄冈,49
海豚,衡阳,49
海豚,宿州,48
海豚,黔西南,48
海豚,鄂尔多斯,48
海豚,北海,48
海豚,漳州,47
海豚,岳阳,47
海豚,榆林,47
海豚,红河,47
海豚,兰州,47
海豚,信阳,45
海豚,抚州,45
海豚,湘潭,44
海豚,曲靖,44
海豚,株洲,43
海豚,渭南,43
海豚,威海,43
海豚,蚌埠,42
海豚,玉溪,41
海豚,铜陵,40
海豚,秦皇岛,40
海豚,鹰潭,39
海豚,韶关,39
海豚,揭阳,39
海豚,常德,39
海豚,孝感,38
海豚,邵阳,38
海豚,荆门,38
海豚,广安,38
海豚,湛江,37
海豚,莆田,36
海豚,吕梁,36
海豚,贵港,36
海豚,铜仁,35
海豚,三亚,35
海豚,清远,35
海豚,哈尔滨,35
海豚,钦州,34
海豚,池州,34
海豚,随州,33
海豚,眉山,33
海豚,六盘水,33
海豚,来宾,33
海豚,黄石,33
海豚,淮南,33
海豚,郴州,32
海豚,怀化,31
海豚,茂名,30
海豚,汉中,30
海豚,龙岩,29
海豚,安顺,29
海豚,黄山,28
海豚,潮州,28
海豚,肇庆,27
海豚,咸宁,27
海豚,三明,27
海豚,南平,27
海豚,鹤壁,27
海豚,恩施,27
海豚,自贡,26
海豚,朔州,26
海豚,十堰,26
海豚,平凉,26
海豚,宝鸡,26
海豚,景德镇,25
海豚,延安,24
海豚,吉安,24
海豚,大同,24
海豚,益阳,23
海豚,忻州,23
海豚,三门峡,23
海豚,河源,23
海豚,西宁,23
海豚,阳江,22
海豚,乌海,22
海豚,通辽,22
海豚,遂宁,22
海豚,黔南,22
海豚,黔东南,22
海豚,张家口,21
海豚,张家界,21
海豚,云浮,21
海豚,阳泉,21
海豚,辽阳,21
海豚,毕节,21
海豚,永州,20
海豚,广元,20
海豚,达州,19
海豚,楚雄,19
海豚,营口,18
海豚,汕尾,18
海豚,娄底,18
海豚,庆阳,17
海豚,锦州,17
海豚,贺州,17
海豚,承德,17
海豚,昭通,16
海豚,梧州,16
海豚,安康,16
海豚,雅安,15
海豚,新余,15
海豚,河池,15
海豚,防城港,15
海豚,湘西,14
海豚,文山,14
海豚,普洱,14
海豚,内江,14
海豚,凉山,14
海豚,大理,14
海豚,巴中,14
海豚,舟山,13
海豚,伊犁,13
海豚,盘锦,13
海豚,保山,13
海豚,德宏,12
海豚,铜川,11
海豚,克拉玛依,11
海豚,大庆,11
元PLUS,上海,2326
元PLUS,北京,686
元PLUS,苏州,601
元PLUS,海口,509
元PLUS,杭州,478
元PLUS,合肥,448
元PLUS,重庆,430
元PLUS,无锡,423
元PLUS,温州,412
元PLUS,成都,406
元PLUS,深圳,397
元PLUS,武汉,396
元PLUS,青岛,369
元PLUS,广州,366
元PLUS,金华,358
元PLUS,台州,338
元PLUS,天津,335
元PLUS,郑州,327
元PLUS,南通,297
元PLUS,太原,285
元PLUS,南京,271
元PLUS,贵阳,244
元PLUS,佛山,233
元PLUS,宁波,229
元PLUS,长沙,223
元PLUS,临沂,214
元PLUS,嘉兴,202
元PLUS,泉州,197
元PLUS,南宁,195
元PLUS,昆明,195
元PLUS,常州,183
元PLUS,唐山,182
元PLUS,厦门,181
元PLUS,济南,178
元PLUS,南昌,172
元PLUS,徐州,171
元PLUS,泰州,164
元PLUS,东莞,162
元PLUS,湖州,157
元PLUS,镇江,155
元PLUS,沈阳,151
元PLUS,绍兴,150
元PLUS,福州,150
元PLUS,扬州,149
元PLUS,潍坊,148
元PLUS,西安,148
元PLUS,中山,147
元PLUS,淮安,147
元PLUS,石家庄,138
元PLUS,淄博,136
元PLUS,惠州,136
元PLUS,江门,129
元PLUS,盐城,125
元PLUS,大理,123
元PLUS,济宁,120
元PLUS,滨州,109
元PLUS,枣庄,107
元PLUS,湛江,106
元PLUS,沧州,103
元PLUS,运城,98
元PLUS,保定,98
元PLUS,邢台,95
元PLUS,洛阳,95
元PLUS,珠海,90
元PLUS,鄂尔多斯,90
元PLUS,三亚,89
元PLUS,清远,84
元PLUS,廊坊,82
元PLUS,宿迁,81
元PLUS,包头,80
元PLUS,邯郸,78
元PLUS,烟台,77
元PLUS,临汾,75
元PLUS,曲靖,72
元PLUS,宜昌,71
元PLUS,茂名,71
元PLUS,黔西南,70
元PLUS,威海,69
元PLUS,襄阳,68
元PLUS,连云港,67
元PLUS,黄石,67
元PLUS,桂林,66
元PLUS,长治,66
元PLUS,常德,66
元PLUS,哈尔滨,66
元PLUS,绵阳,65
元PLUS,柳州,64
元PLUS,汕头,63
元PLUS,六安,62
元PLUS,九江,62
元PLUS,阜阳,61
元PLUS,遵义,60
元PLUS,株洲,59
元PLUS,芜湖,59
元PLUS,梅州,59
元PLUS,衡阳,59
元PLUS,漳州,58
元PLUS,岳阳,58
元PLUS,商丘,58
元PLUS,黄冈,58
元PLUS,聊城,57
元PLUS,晋城,57
元PLUS,东营,57
元PLUS,咸宁,56
元PLUS,德州,56
元PLUS,亳州,56
元PLUS,赣州,55
元PLUS,日照,54
元PLUS,河源,53
元PLUS,长春,51
元PLUS,晋中,50
元PLUS,菏泽,50
元PLUS,大连,50
元PLUS,西宁,50
元PLUS,萍乡,49
元PLUS,阳江,48
元PLUS,开封,48
元PLUS,恩施,48
元PLUS,南阳,47
元PLUS,红河,46
元PLUS,德阳,45
元PLUS,滁州,45
元PLUS,银川,45
元PLUS,秦皇岛,44
元PLUS,漯河,44
元PLUS,玉林,43
元PLUS,呼和浩特,43
元PLUS,宣城,42
元PLUS,新乡,42
元PLUS,宜春,40
元PLUS,孝感,40
元PLUS,泰安,40
元PLUS,莆田,40
元PLUS,荆州,40
元PLUS,安庆,40
元PLUS,衢州,39
元PLUS,宜宾,38
元PLUS,韶关,38
元PLUS,铜陵,37
元PLUS,眉山,37
元PLUS,马鞍山,37
元PLUS,丽水,37
元PLUS,肇庆,36
元PLUS,湘潭,36
元PLUS,乐山,35
元PLUS,榆林,34
元PLUS,文山,34
元PLUS,乌鲁木齐,34
元PLUS,舟山,33
元PLUS,焦作,33
元PLUS,蚌埠,33
元PLUS,兰州,33
元PLUS,泸州,32
元PLUS,安阳,32
元PLUS,咸阳,31
元PLUS,邵阳,31
元PLUS,玉溪,30
元PLUS,南充,30
元PLUS,吉安,30
元PLUS,忻州,29
元PLUS,钦州,29
元PLUS,普洱,29
元PLUS,宁德,29
元PLUS,汉中,29
元PLUS,楚雄,29
元PLUS,龙岩,28
元PLUS,十堰,27
元PLUS,衡水,27
元PLUS,驻马店,26
元PLUS,周口,26
元PLUS,濮阳,26
元PLUS,儋州,26
元PLUS,许昌,25
元PLUS,汕尾,25
元PLUS,三明,25
元PLUS,凉山,25
元PLUS,大同,25
元PLUS,毕节,25
元PLUS,渭南,24
元PLUS,平顶山,24
元PLUS,百色,24
元PLUS,安顺,24
元PLUS,云浮,23
元PLUS,梧州,23
元PLUS,营口,22
元PLUS,信阳,22
元PLUS,南平,22
元PLUS,益阳,21
元PLUS,延安,21
元PLUS,宿州,21
元PLUS,随州,21
元PLUS,盘锦,21
元PLUS,德宏,21
元PLUS,北海,21
元PLUS,永州,20
元PLUS,鹰潭,20
元PLUS,铜仁,20
元PLUS,荆门,20
元PLUS,潮州,20
元PLUS,西双版纳,19
元PLUS,临沧,18
元PLUS,丽江,18
元PLUS,保山,18
元PLUS,天水,17
元PLUS,淮南,17
元PLUS,贺州,17
元PLUS,自贡,16
元PLUS,遂宁,16
元PLUS,揭阳,16
元PLUS,安康,16
元PLUS,昭通,15
元PLUS,黔南,15
元PLUS,景德镇,15
元PLUS,张家口,14
元PLUS,庆阳,14
元PLUS,淮北,14
元PLUS,贵港,14
元PLUS,宝鸡,14
元PLUS,鞍山,14
元PLUS,上饶,13
元PLUS,内江,13
元PLUS,黄山,13
元PLUS,广安,13
元PLUS,抚州,13
元PLUS,池州,13
元PLUS,新余,12
元PLUS,达州,12
元PLUS,郴州,12
元PLUS,三门峡,11
元PLUS,怀化,11
元PLUS,阿坝,11
AION Y,广州,1980
AION Y,上海,991
AION Y,佛山,783
AION Y,深圳,548
AION Y,天津,535
AION Y,海口,472
AION Y,东莞,454
AION Y,合肥,366
AION Y,汕头,334
AION Y,临沂,316
AION Y,湛江,311
AION Y,中山,306
AION Y,杭州,300
AION Y,武汉,299
AION Y,江门,278
AION Y,郑州,275
AION Y,苏州,261
AION Y,温州,238
AION Y,惠州,234
AION Y,珠海,230
AION Y,肇庆,219
AION Y,石家庄,217
AION Y,北京,188
AION Y,金华,187
AION Y,茂名,186
AION Y,南京,182
AION Y,重庆,181
AION Y,太原,173
AION Y,长沙,172
AION Y,宁波,171
AION Y,无锡,161
AION Y,青岛,151
AION Y,台州,143
AION Y,梅州,133
AION Y,常州,131
AION Y,清远,125
AION Y,邯郸,125
AION Y,福州,121
AION Y,唐山,118
AION Y,南宁,111
AION Y,河源,107
AION Y,徐州,101
AION Y,济南,100
AION Y,三亚,97
AION Y,泉州,94
AION Y,韶关,90
AION Y,西安,89
AION Y,沈阳,88
AION Y,潍坊,87
AION Y,成都,87
AION Y,济宁,80
AION Y,昆明,79
AION Y,赣州,78
AION Y,厦门,77
AION Y,贵阳,77
AION Y,阳江,75
AION Y,扬州,74
AION Y,邢台,74
AION Y,日照,73
AION Y,保定,67
AION Y,沧州,65
AION Y,洛阳,63
AION Y,包头,63
AION Y,淄博,62
AION Y,盐城,61
AION Y,连云港,61
AION Y,南昌,61
AION Y,南通,59
AION Y,嘉兴,59
AION Y,常德,59
AION Y,淮安,57
AION Y,北海,56
AION Y,云浮,55
AION Y,宿迁,55
AION Y,威海,54
AION Y,柳州,51
AION Y,衡阳,46
AION Y,聊城,45
AION Y,衡水,44
AION Y,大理,44
AION Y,绍兴,43
AION Y,西双版纳,42
AION Y,汕尾,40
AION Y,揭阳,40
AION Y,滨州,38
AION Y,泰州,36
AION Y,桂林,35
AION Y,菏泽,34
AION Y,潮州,34
AION Y,漳州,33
AION Y,烟台,33
AION Y,湖州,32
AION Y,大连,31
AION Y,衢州,29
AION Y,廊坊,29
AION Y,晋中,29
AION Y,长治,28
AION Y,镇江,27
AION Y,宜昌,27
AION Y,丽水,27
AION Y,玉林,26
AION Y,贵港,26
AION Y,郴州,26
AION Y,遵义,25
AION Y,阜阳,25
AION Y,新乡,24
AION Y,芜湖,24
AION Y,绵阳,24
AION Y,襄阳,23
AION Y,焦作,23
AION Y,株洲,22
AION Y,九江,22
AION Y,保山,22
AION Y,西宁,22
AION Y,钦州,21
AION Y,安阳,21
AION Y,孝感,20
AION Y,临汾,20
AION Y,儋州,20
AION Y,丽江,19
AION Y,黄石,19
AION Y,德州,19
AION Y,玉溪,18
AION Y,红河,18
AION Y,东营,18
AION Y,亳州,18
AION Y,兰州,18
AION Y,湘潭,17
AION Y,黔西南,17
AION Y,德阳,17
AION Y,濮阳,16
AION Y,六安,16
AION Y,乐山,16
AION Y,百色,16
AION Y,德宏,15
AION Y,安庆,15
AION Y,枣庄,14
AION Y,文山,14
AION Y,荆州,14
AION Y,铜陵,13
AION Y,南阳,13
AION Y,晋城,13
AION Y,楚雄,13
AION Y,蚌埠,13
AION Y,宜宾,12
AION Y,咸阳,12
AION Y,开封,12
AION Y,大同,12
AION Y,岳阳,11
AION Y,信阳,11
AION Y,上饶,11
AION Y,龙岩,11
AION Y,鞍山,11
AION Y,乌鲁木齐,11
小蚂蚁,济宁,132
小蚂蚁,菏泽,123
小蚂蚁,芜湖,91
小蚂蚁,成都,83
小蚂蚁,商丘,75
小蚂蚁,天津,69
小蚂蚁,郑州,64
小蚂蚁,徐州,63
小蚂蚁,开封,61
小蚂蚁,洛阳,53
小蚂蚁,温州,47
小蚂蚁,合肥,47
小蚂蚁,南阳,45
小蚂蚁,滨州,45
小蚂蚁,台州,44
小蚂蚁,亳州,44
小蚂蚁,焦作,40
小蚂蚁,苏州,39
小蚂蚁,临沂,39
小蚂蚁,聊城,38
小蚂蚁,濮阳,37
小蚂蚁,南宁,35
小蚂蚁,济南,33
小蚂蚁,驻马店,32
小蚂蚁,无锡,31
小蚂蚁,宿州,31
小蚂蚁,新乡,28
小蚂蚁,周口,27
小蚂蚁,潍坊,25
小蚂蚁,阜阳,25
小蚂蚁,邢台,24
小蚂蚁,厦门,24
小蚂蚁,晋城,23
小蚂蚁,福州,23
小蚂蚁,许昌,22
小蚂蚁,沧州,22
小蚂蚁,安阳,22
小蚂蚁,襄阳,20
小蚂蚁,平顶山,20
小蚂蚁,六安,20
小蚂蚁,泉州,19
小蚂蚁,武汉,19
小蚂蚁,扬州,18
小蚂蚁,东营,18
小蚂蚁,南京,18
小蚂蚁,杭州,18
小蚂蚁,枣庄,17
小蚂蚁,宣城,17
小蚂蚁,吕梁,17
小蚂蚁,漯河,17
小蚂蚁,淮北,17
小蚂蚁,安庆,17
小蚂蚁,太原,17
小蚂蚁,广州,17
小蚂蚁,宁波,16
小蚂蚁,连云港,15
小蚂蚁,桂林,15
小蚂蚁,马鞍山,14
小蚂蚁,绍兴,13
小蚂蚁,金华,13
小蚂蚁,邯郸,13
小蚂蚁,运城,12
小蚂蚁,唐山,12
小蚂蚁,北海,12
小蚂蚁,西安,12
小蚂蚁,石家庄,12
小蚂蚁,渭南,11
小蚂蚁,铜陵,11
小蚂蚁,南通,11
小蚂蚁,淮安,11
小蚂蚁,昆明,11
小蚂蚁,重庆,11
小鹏P7,广州,672
小鹏P7,上海,306
小鹏P7,成都,289
小鹏P7,深圳,233
小鹏P7,杭州,233
小鹏P7,北京,154
小鹏P7,重庆,152
小鹏P7,苏州,142
小鹏P7,武汉,129
小鹏P7,南京,108
小鹏P7,宁波,99
小鹏P7,长沙,83
小鹏P7,海口,71
小鹏P7,合肥,70
小鹏P7,天津,67
小鹏P7,无锡,66
小鹏P7,温州,61
小鹏P7,郑州,61
小鹏P7,金华,59
小鹏P7,潮州,58
小鹏P7,常州,54
小鹏P7,盐城,52
小鹏P7,昆明,48
小鹏P7,中山,42
小鹏P7,台州,41
小鹏P7,厦门,40
小鹏P7,南通,39
小鹏P7,西安,39
小鹏P7,湖州,35
小鹏P7,济南,34
小鹏P7,嘉兴,33
小鹏P7,南宁,32
小鹏P7,贵阳,31
小鹏P7,青岛,27
小鹏P7,扬州,26
小鹏P7,南昌,26
小鹏P7,珠海,25
小鹏P7,泉州,24
小鹏P7,石家庄,23
小鹏P7,宜昌,20
小鹏P7,太原,20
小鹏P7,福州,20
小鹏P7,东莞,19
小鹏P7,宜宾,18
小鹏P7,宿迁,18
小鹏P7,丽水,18
小鹏P7,绍兴,17
小鹏P7,泰州,16
小鹏P7,淮安,16
小鹏P7,潍坊,15
小鹏P7,三亚,15
小鹏P7,马鞍山,14
小鹏P7,襄阳,13
小鹏P7,阜阳,13
小鹏P7,临沂,12
小鹏P7,黄石,12
小鹏P7,遵义,11
小鹏P7,连云港,11
小鹏P7,西宁,11
东风风神E70,武汉,532
东风风神E70,南昌,267
东风风神E70,昆明,226
东风风神E70,东莞,194
东风风神E70,苏州,115
东风风神E70,宁波,112
东风风神E70,无锡,100
东风风神E70,广州,89
东风风神E70,重庆,78
东风风神E70,长沙,53
东风风神E70,南京,42
东风风神E70,成都,38
东风风神E70,西安,36
东风风神E70,泉州,32
东风风神E70,北海,30
东风风神E70,汕头,27
东风风神E70,贵阳,25
东风风神E70,台州,21
东风风神E70,南宁,18
东风风神E70,中山,17
东风风神E70,酒泉,17
东风风神E70,杭州,17
东风风神E70,合肥,13
东风风神E70,商丘,11
东风风神E70,柳州,11
东风风神E70,太原,11
欧拉好猫,上海,461
欧拉好猫,温州,249
欧拉好猫,宁波,182
欧拉好猫,苏州,181
欧拉好猫,金华,170
欧拉好猫,重庆,164
欧拉好猫,南宁,161
欧拉好猫,海口,161
欧拉好猫,台州,157
欧拉好猫,天津,154
欧拉好猫,成都,149
欧拉好猫,郑州,145
欧拉好猫,南京,143
欧拉好猫,杭州,123
欧拉好猫,无锡,118
欧拉好猫,嘉兴,112
欧拉好猫,邯郸,105
欧拉好猫,合肥,101
欧拉好猫,武汉,100
欧拉好猫,洛阳,90
欧拉好猫,徐州,86
欧拉好猫,深圳,86
欧拉好猫,石家庄,84
欧拉好猫,唐山,75
欧拉好猫,济宁,75
欧拉好猫,广州,72
欧拉好猫,商丘,66
欧拉好猫,新乡,63
欧拉好猫,聊城,62
欧拉好猫,长沙,62
欧拉好猫,绍兴,61
欧拉好猫,阜阳,58
欧拉好猫,泰州,57
欧拉好猫,保定,56
欧拉好猫,宿迁,54
欧拉好猫,湖州,54
欧拉好猫,扬州,53
欧拉好猫,佛山,52
欧拉好猫,邢台,48
欧拉好猫,铜陵,46
欧拉好猫,德阳,46
欧拉好猫,贵阳,46
欧拉好猫,连云港,45
欧拉好猫,南昌,45
欧拉好猫,淮北,44
欧拉好猫,泉州,43
欧拉好猫,南通,43
欧拉好猫,昆明,43
欧拉好猫,衢州,42
欧拉好猫,焦作,42
欧拉好猫,北京,42
欧拉好猫,镇江,41
欧拉好猫,青岛,41
欧拉好猫,临沂,41
欧拉好猫,沧州,40
欧拉好猫,开封,37
欧拉好猫,桂林,37
欧拉好猫,东莞,37
欧拉好猫,珠海,36
欧拉好猫,中山,36
欧拉好猫,常州,35
欧拉好猫,太原,35
欧拉好猫,许昌,34
欧拉好猫,厦门,34
欧拉好猫,芜湖,34
欧拉好猫,丽水,34
欧拉好猫,亳州,33
欧拉好猫,济南,33
欧拉好猫,北海,32
欧拉好猫,驻马店,31
欧拉好猫,南阳,31
欧拉好猫,安庆,31
欧拉好猫,汕头,29
欧拉好猫,红河,29
欧拉好猫,潍坊,28
欧拉好猫,柳州,28
欧拉好猫,惠州,28
欧拉好猫,廊坊,26
欧拉好猫,安阳,26
欧拉好猫,西安,25
欧拉好猫,绵阳,24
欧拉好猫,枣庄,23
欧拉好猫,马鞍山,23
欧拉好猫,淮安,23
欧拉好猫,漯河,22
欧拉好猫,福州,22
欧拉好猫,遵义,21
欧拉好猫,宜昌,21
欧拉好猫,烟台,21
欧拉好猫,南充,21
欧拉好猫,东营,21
欧拉好猫,周口,20
欧拉好猫,濮阳,20
欧拉好猫,宣城,19
欧拉好猫,泰安,19
欧拉好猫,江门,19
欧拉好猫,襄阳,17
欧拉好猫,德州,17
欧拉好猫,运城,16
欧拉好猫,赣州,16
欧拉好猫,长治,16
欧拉好猫,六安,15
欧拉好猫,淄博,14
欧拉好猫,信阳,14
欧拉好猫,黔西南,14
欧拉好猫,平顶山,14
欧拉好猫,怀化,14
欧拉好猫,泸州,13
欧拉好猫,菏泽,13
欧拉好猫,鹤壁,13
欧拉好猫,达州,13
欧拉好猫,郴州,13
欧拉好猫,常德,13
欧拉好猫,百色,13
欧拉好猫,漳州,12
欧拉好猫,钦州,12
欧拉好猫,内江,12
欧拉好猫,临汾,12
欧拉好猫,恩施,12
欧拉好猫,潮州,12
欧拉好猫,宿州,11
欧拉好猫,遂宁,11
欧拉好猫,三亚,11
欧拉好猫,贺州,11
帝豪新能源,杭州,334
帝豪新能源,西安,246
帝豪新能源,成都,220
帝豪新能源,南京,142
帝豪新能源,湘潭,137
帝豪新能源,福州,118
帝豪新能源,武汉,114
帝豪新能源,济南,100
帝豪新能源,宁波,65
帝豪新能源,昆明,49
帝豪新能源,玉溪,47
帝豪新能源,合肥,43
帝豪新能源,遵义,37
帝豪新能源,石家庄,33
帝豪新能源,重庆,31
帝豪新能源,晋中,24
帝豪新能源,贵阳,24
帝豪新能源,苏州,20
帝豪新能源,长沙,18
帝豪新能源,铜仁,17
帝豪新能源,厦门,15
帝豪新能源,济宁,15
帝豪新能源,大连,15
帝豪新能源,保定,15
帝豪新能源,太原,13
帝豪新能源,张家口,12
帝豪新能源,台州,12
帝豪新能源,黔东南,12
帝豪新能源,咸阳,11
哪吒U,成都,378
哪吒U,杭州,293
哪吒U,青岛,216
哪吒U,北京,208
哪吒U,贵阳,198
哪吒U,海口,125
哪吒U,重庆,103
哪吒U,汕头,83
哪吒U,南宁,81
哪吒U,苏州,78
哪吒U,昆明,60
哪吒U,上海,49
哪吒U,中山,48
哪吒U,东莞,46
哪吒U,济南,43
哪吒U,佛山,41
哪吒U,黔南,39
哪吒U,珠海,36
哪吒U,无锡,35
哪吒U,金华,33
哪吒U,合肥,33
哪吒U,太原,28
哪吒U,常州,27
哪吒U,天津,27
哪吒U,桂林,25
哪吒U,嘉兴,24
哪吒U,泉州,22
哪吒U,清远,21
哪吒U,宁波,20
哪吒U,滁州,20
哪吒U,南京,20
哪吒U,湛江,19
哪吒U,临沂,18
哪吒U,扬州,17
哪吒U,韶关,17
哪吒U,梅州,17
哪吒U,贵港,17
哪吒U,大理,17
哪吒U,徐州,16
哪吒U,贺州,16
哪吒U,株洲,15
哪吒U,黔西南,15
哪吒U,萍乡,15
哪吒U,北海,15
哪吒U,遵义,14
哪吒U,肇庆,13
哪吒U,厦门,13
哪吒U,龙岩,13
哪吒U,襄阳,12
哪吒U,凉山,12
蔚来ES6,金华,142
蔚来ES6,上海,103
蔚来ES6,成都,46
蔚来ES6,北京,44
蔚来ES6,苏州,39
蔚来ES6,深圳,35
蔚来ES6,合肥,31
蔚来ES6,南京,28
蔚来ES6,武汉,27
蔚来ES6,广州,27
蔚来ES6,无锡,22
蔚来ES6,温州,16
蔚来ES6,东莞,16
蔚来ES6,西安,16
蔚来ES6,郑州,15
蔚来ES6,杭州,15
蔚来ES6,重庆,15
蔚来ES6,徐州,14
蔚来ES6,长沙,14
蔚来ES6,青岛,13
蔚来ES6,常州,13
蔚来ES6,宁波,12
蔚来ES6,太原,11
北汽新能源EU,楚雄,15
哪吒V,柳州,407
哪吒V,邢台,401
哪吒V,南宁,400
哪吒V,玉林,377
哪吒V,襄阳,258
哪吒V,绍兴,24
哪吒V,宁波,18
哪吒V,北京,18
哪吒V,温州,16
哪吒V,合肥,14
哪吒V,苏州,13
哪吒V,台州,12
哪吒V,天津,12
哪吒V,桂林,11
秦新能源,南京,557
秦新能源,合肥,336
秦新能源,成都,314
秦新能源,郑州,308
秦新能源,武汉,289
秦新能源,南宁,243
秦新能源,石家庄,241
秦新能源,重庆,190
秦新能源,西宁,171
秦新能源,太原,166
秦新能源,苏州,164
秦新能源,青岛,164
秦新能源,遵义,147
秦新能源,福州,146
秦新能源,益阳,123
秦新能源,西安,121
秦新能源,六盘水,119
秦新能源,上海,114
秦新能源,佛山,109
秦新能源,商丘,106
秦新能源,商洛,97
秦新能源,东莞,93
秦新能源,贵阳,91
秦新能源,珠海,90
秦新能源,淮北,84
秦新能源,汕头,81
秦新能源,济南,80
秦新能源,济宁,77
秦新能源,温州,71
秦新能源,台州,67
秦新能源,广州,65
秦新能源,杭州,64
秦新能源,深圳,63
秦新能源,黔东南,62
秦新能源,沈阳,60
秦新能源,赣州,59
秦新能源,阜阳,59
秦新能源,阿克苏,59
秦新能源,马鞍山,57
秦新能源,银川,55
秦新能源,临沂,53
秦新能源,惠州,52
秦新能源,南阳,51
秦新能源,晋城,50
秦新能源,徐州,48
秦新能源,淮安,48
秦新能源,海东,47
秦新能源,桂林,47
秦新能源,黔南,46
秦新能源,洛阳,43
秦新能源,保定,41
秦新能源,张家界,40
秦新能源,中山,39
秦新能源,新乡,38
秦新能源,连云港,37
秦新能源,天津,37
秦新能源,潍坊,36
秦新能源,南昌,34
秦新能源,长沙,34
秦新能源,无锡,33
秦新能源,清远,33
秦新能源,喀什,33
秦新能源,亳州,33
秦新能源,烟台,32
秦新能源,南平,32
秦新能源,丽江,32
秦新能源,常州,30
秦新能源,昆明,30
秦新能源,芜湖,29
秦新能源,宁波,28
秦新能源,怀化,28
秦新能源,大同,28
秦新能源,曲靖,27
秦新能源,黄石,27
秦新能源,大理,27
秦新能源,包头,27
秦新能源,安顺,27
秦新能源,伊犁,26
秦新能源,厦门,26
秦新能源,宿迁,26
秦新能源,扬州,25
秦新能源,许昌,23
秦新能源,三明,23
秦新能源,泉州,23
秦新能源,萍乡,23
秦新能源,来宾,23
秦新能源,淮南,23
秦新能源,西双版纳,22
秦新能源,泰州,20
秦新能源,宣城,19
秦新能源,绍兴,19
秦新能源,开封,19
秦新能源,河源,19
秦新能源,长治,19
秦新能源,莆田,18
秦新能源,九江,18
秦新能源,嘉兴,18
秦新能源,焦作,18
秦新能源,衡阳,18
秦新能源,郴州,18
秦新能源,保山,18
秦新能源,湛江,17
秦新能源,岳阳,17
秦新能源,滁州,17
秦新能源,玉溪,16
秦新能源,永州,16
秦新能源,文山,16
秦新能源,泸州,16
秦新能源,毕节,16
秦新能源,镇江,15
秦新能源,肇庆,15
秦新能源,渭南,15
秦新能源,眉山,15
秦新能源,六安,15
秦新能源,和田,15
秦新能源,安阳,15
秦新能源,枣庄,14
秦新能源,盐城,14
秦新能源,梧州,14
秦新能源,泰安,14
秦新能源,日照,14
秦新能源,蚌埠,14
秦新能源,北海,14
秦新能源,上饶,13
秦新能源,临汾,13
秦新能源,河池,13
秦新能源,常德,13
秦新能源,阿坝,13
秦新能源,驻马店,12
秦新能源,运城,12
秦新能源,宿州,12
秦新能源,普洱,12
秦新能源,金华,12
秦新能源,红河,12
秦新能源,海南,12
秦新能源,沧州,12
秦新能源,本溪,12
秦新能源,长春,12
秦新能源,咸阳,11
秦新能源,威海,11
秦新能源,邵阳,11
秦新能源,黔西南,11
秦新能源,菏泽,11
零跑T03,天津,150
零跑T03,台州,105
零跑T03,杭州,105
零跑T03,温州,87
零跑T03,金华,83
零跑T03,徐州,73
零跑T03,无锡,62
零跑T03,扬州,61
零跑T03,湖州,60
零跑T03,济宁,59
零跑T03,成都,50
零跑T03,嘉兴,46
零跑T03,宁波,45
零跑T03,南宁,44
零跑T03,中山,40
零跑T03,重庆,38
零跑T03,郑州,36
零跑T03,合肥,36
零跑T03,佛山,33
零跑T03,洛阳,31
零跑T03,常州,31
零跑T03,丽水,30
零跑T03,苏州,28
零跑T03,泉州,28
零跑T03,新乡,27
零跑T03,惠州,27
零跑T03,深圳,25
零跑T03,舟山,24
零跑T03,南通,24
零跑T03,广州,24
零跑T03,武汉,23
零跑T03,钦州,22
零跑T03,菏泽,22
零跑T03,太原,22
零跑T03,北京,22
零跑T03,绍兴,21
零跑T03,海口,21
零跑T03,济南,19
零跑T03,珠海,18
零跑T03,淮安,18
零跑T03,南京,18
零跑T03,柳州,17
零跑T03,邯郸,17
零跑T03,长沙,16
零跑T03,芜湖,15
零跑T03,衢州,14
零跑T03,青岛,13
零跑T03,临沂,13
零跑T03,东莞,13
零跑T03,盐城,12
零跑T03,厦门,12
零跑T03,连云港,12
零跑T03,开封,12
零跑T03,滁州,11
零跑T03,西安,11
零跑T03,石家庄,11
零跑T03,南昌,11
QQ冰淇淋,洛阳,189
QQ冰淇淋,临沂,180
QQ冰淇淋,商丘,175
QQ冰淇淋,聊城,161
QQ冰淇淋,台州,150
QQ冰淇淋,新乡,133
QQ冰淇淋,菏泽,129
QQ冰淇淋,南阳,128
QQ冰淇淋,开封,121
QQ冰淇淋,郑州,117
QQ冰淇淋,周口,116
QQ冰淇淋,济宁,110
QQ冰淇淋,成都,108
QQ冰淇淋,驻马店,107
QQ冰淇淋,安阳,101
QQ冰淇淋,濮阳,99
QQ冰淇淋,潍坊,81
QQ冰淇淋,合肥,79
QQ冰淇淋,石家庄,78
QQ冰淇淋,德州,71
QQ冰淇淋,榆林,67
QQ冰淇淋,苏州,65
QQ冰淇淋,焦作,65
QQ冰淇淋,温州,64
QQ冰淇淋,平顶山,62
QQ冰淇淋,晋城,62
QQ冰淇淋,太原,60
QQ冰淇淋,阜阳,57
QQ冰淇淋,芜湖,54
QQ冰淇淋,亳州,51
QQ冰淇淋,晋中,50
QQ冰淇淋,运城,48
QQ冰淇淋,邢台,48
QQ冰淇淋,金华,47
QQ冰淇淋,滨州,47
QQ冰淇淋,济南,47
QQ冰淇淋,徐州,45
QQ冰淇淋,沧州,45
QQ冰淇淋,天津,45
QQ冰淇淋,漯河,42
QQ冰淇淋,邯郸,41
QQ冰淇淋,重庆,38
QQ冰淇淋,烟台,37
QQ冰淇淋,安庆,37
QQ冰淇淋,德阳,36
QQ冰淇淋,扬州,32
QQ冰淇淋,铜陵,31
QQ冰淇淋,南通,31
QQ冰淇淋,淮北,31
QQ冰淇淋,许昌,30
QQ冰淇淋,保山,29
QQ冰淇淋,襄阳,28
QQ冰淇淋,无锡,28
QQ冰淇淋,昆明,28
QQ冰淇淋,武汉,27
QQ冰淇淋,沈阳,27
QQ冰淇淋,九江,26
QQ冰淇淋,东营,26
QQ冰淇淋,保定,26
QQ冰淇淋,吕梁,25
QQ冰淇淋,衡水,25
QQ冰淇淋,枣庄,24
QQ冰淇淋,唐山,24
QQ冰淇淋,淄博,23
QQ冰淇淋,绍兴,23
QQ冰淇淋,绵阳,23
QQ冰淇淋,连云港,23
QQ冰淇淋,信阳,22
QQ冰淇淋,渭南,22
QQ冰淇淋,泉州,22
QQ冰淇淋,杭州,22
QQ冰淇淋,衢州,21
QQ冰淇淋,曲靖,21
QQ冰淇淋,黄山,21
QQ冰淇淋,南宁,21
QQ冰淇淋,泰安,20
QQ冰淇淋,鹤壁,20
QQ冰淇淋,常州,20
QQ冰淇淋,雅安,19
QQ冰淇淋,临汾,19
QQ冰淇淋,辽阳,19
QQ冰淇淋,嘉兴,19
QQ冰淇淋,红河,19
QQ冰淇淋,大同,19
QQ冰淇淋,宿州,18
QQ冰淇淋,防城港,18
QQ冰淇淋,池州,17
QQ冰淇淋,南京,17
QQ冰淇淋,长沙,17
QQ冰淇淋,德宏,16
QQ冰淇淋,株洲,15
QQ冰淇淋,宣城,15
QQ冰淇淋,忻州,15
QQ冰淇淋,荆门,15
QQ冰淇淋,湖州,15
QQ冰淇淋,鄂尔多斯,15
QQ冰淇淋,宜春,14
QQ冰淇淋,新余,14
QQ冰淇淋,孝感,14
QQ冰淇淋,威海,14
QQ冰淇淋,六安,14
QQ冰淇淋,淮安,14
QQ冰淇淋,包头,14
QQ冰淇淋,岳阳,13
QQ冰淇淋,咸阳,13
QQ冰淇淋,黔西南,13
QQ冰淇淋,廊坊,13
QQ冰淇淋,黄冈,13
QQ冰淇淋,淮南,13
QQ冰淇淋,贺州,13
QQ冰淇淋,抚州,13
QQ冰淇淋,大连,13
QQ冰淇淋,百色,13
QQ冰淇淋,中山,12
QQ冰淇淋,玉溪,12
QQ冰淇淋,阳泉,12
QQ冰淇淋,青岛,12
QQ冰淇淋,黔南,12
QQ冰淇淋,眉山,12
QQ冰淇淋,恩施,12
QQ冰淇淋,东莞,12
QQ冰淇淋,滁州,12
QQ冰淇淋,南昌,12
QQ冰淇淋,福州,12
QQ冰淇淋,遵义,11
QQ冰淇淋,文山,11
QQ冰淇淋,梅州,11
QQ冰淇淋,西安,11
QQ冰淇淋,贵阳,11
极氪001,上海,540
极氪001,杭州,415
极氪001,深圳,383
极氪001,无锡,294
极氪001,成都,249
极氪001,厦门,199
极氪001,宁波,197
极氪001,苏州,188
极氪001,重庆,187
极氪001,扬州,180
极氪001,北京,180
极氪001,佛山,171
极氪001,广州,155
极氪001,武汉,152
极氪001,湖州,131
极氪001,台州,127
极氪001,南京,108
极氪001,温州,95
极氪001,绍兴,93
极氪001,东莞,90
极氪001,西安,87
极氪001,长沙,87
极氪001,沈阳,79
极氪001,南宁,74
极氪001,金华,72
极氪001,郑州,69
极氪001,常州,67
极氪001,济南,66
极氪001,嘉兴,62
极氪001,中山,59
极氪001,天津,57
极氪001,合肥,53
极氪001,昆明,52
极氪001,青岛,51
极氪001,南昌,49
极氪001,贵阳,48
极氪001,淮安,46
极氪001,徐州,41
极氪001,太原,37
极氪001,海口,36
极氪001,福州,36
极氪001,石家庄,33
极氪001,岳阳,30
极氪001,西双版纳,25
极氪001,南通,25
极氪001,镇江,21
极氪001,马鞍山,19
极氪001,珠海,17
极氪001,泰州,17
极氪001,衡阳,17
极氪001,芜湖,16
极氪001,滁州,16
极氪001,百色,14
极氪001,连云港,12
极氪001,宿州,11
极氪001,聊城,11
极氪001,大连,11
极氪001,亳州,11
启辰D60EV,保定,515
启辰D60EV,杭州,133
启辰D60EV,呼和浩特,67
启辰D60EV,广州,59
启辰D60EV,武汉,38
启辰D60EV,南宁,38
启辰D60EV,东莞,32
启辰D60EV,佛山,30
启辰D60EV,大理,30
启辰D60EV,六盘水,25
启辰D60EV,沈阳,25
启辰D60EV,北海,24
启辰D60EV,宁波,23
启辰D60EV,合肥,21
启辰D60EV,绵阳,20
启辰D60EV,黔南,18
启辰D60EV,郑州,18
启辰D60EV,汕头,16
启辰D60EV,威海,15
启辰D60EV,赣州,15
启辰D60EV,上海,14
启辰D60EV,成都,13
启辰D60EV,桂林,12
启辰D60EV,扬州,11
启辰D60EV,长沙,11
几何A,杭州,486
几何A,成都,257
几何A,广州,254
几何A,合肥,119
几何A,上海,109
几何A,天津,97
几何A,苏州,89
几何A,嘉兴,81
几何A,金华,78
几何A,南京,75
几何A,无锡,61
几何A,石家庄,56
几何A,厦门,55
几何A,郑州,51
几何A,贵阳,51
几何A,晋中,43
几何A,福州,43
几何A,台州,40
几何A,重庆,38
几何A,徐州,37
几何A,青岛,37
几何A,温州,36
几何A,桂林,35
几何A,大连,35
几何A,昆明,35
几何A,深圳,33
几何A,湖州,33
几何A,赣州,32
几何A,太原,30
几何A,汕头,29
几何A,宁波,29
几何A,怀化,29
几何A,佛山,27
几何A,南宁,27
几何A,济南,27
几何A,泉州,26
几何A,南昌,26
几何A,北京,26
几何A,保定,25
几何A,武汉,25
几何A,潍坊,24
几何A,南通,24
几何A,连云港,22
几何A,海口,20
几何A,济宁,19
几何A,黔西南,18
几何A,遵义,17
几何A,珠海,16
几何A,西双版纳,16
几何A,邢台,16
几何A,衢州,15
几何A,黔南,15
几何A,西安,15
几何A,沈阳,15
几何A,南阳,14
几何A,亳州,13
几何A,拉萨,13
几何A,吉安,12
几何A,镇江,11
几何A,扬州,11
几何A,凉山,11
几何A,淮安,11
几何A,北海,11
几何A,长沙,11
长安Lumin,商丘,461
长安Lumin,郑州,358
长安Lumin,台州,215
长安Lumin,焦作,193
长安Lumin,济宁,189
长安Lumin,洛阳,168
长安Lumin,南阳,164
长安Lumin,无锡,138
长安Lumin,新乡,124
长安Lumin,菏泽,120
长安Lumin,廊坊,118
长安Lumin,徐州,115
长安Lumin,平顶山,109
长安Lumin,连云港,109
长安Lumin,汕头,108
长安Lumin,邯郸,108
长安Lumin,临沂,104
长安Lumin,金华,104
长安Lumin,阜阳,104
长安Lumin,潍坊,98
长安Lumin,温州,97
长安Lumin,驻马店,95
长安Lumin,重庆,94
长安Lumin,安庆,89
长安Lumin,石家庄,86
长安Lumin,漯河,82
长安Lumin,沧州,82
长安Lumin,保定,80
长安Lumin,南宁,80
长安Lumin,滨州,79
长安Lumin,成都,77
长安Lumin,天津,73
长安Lumin,苏州,72
长安Lumin,红河,72
长安Lumin,扬州,71
长安Lumin,合肥,70
长安Lumin,德州,67
长安Lumin,周口,59
长安Lumin,德阳,59
长安Lumin,济南,59
长安Lumin,湖州,57
长安Lumin,潮州,57
长安Lumin,许昌,55
长安Lumin,东营,55
长安Lumin,亳州,54
长安Lumin,丽水,53
长安Lumin,青岛,50
长安Lumin,南通,50
长安Lumin,聊城,50
长安Lumin,安阳,48
长安Lumin,绍兴,47
长安Lumin,淄博,46
长安Lumin,开封,46
长安Lumin,桂林,46
长安Lumin,杭州,46
长安Lumin,佛山,45
长安Lumin,邢台,44
长安Lumin,马鞍山,44
长安Lumin,衡水,44
长安Lumin,淮北,43
长安Lumin,宣城,41
长安Lumin,晋城,41
长安Lumin,宿州,40
长安Lumin,漳州,39
长安Lumin,玉林,39
长安Lumin,九江,39
长安Lumin,汉中,39
长安Lumin,包头,39
长安Lumin,烟台,36
长安Lumin,新余,35
长安Lumin,信阳,34
长安Lumin,唐山,34
长安Lumin,滁州,33
长安Lumin,常州,33
长安Lumin,衢州,32
长安Lumin,淮安,30
长安Lumin,鹤壁,30
长安Lumin,常德,30
长安Lumin,三门峡,29
长安Lumin,濮阳,29
长安Lumin,南充,29
长安Lumin,贵港,29
长安Lumin,德宏,29
长安Lumin,太原,29
长安Lumin,昆明,29
长安Lumin,嘉兴,28
长安Lumin,枣庄,27
长安Lumin,宿迁,27
长安Lumin,钦州,27
长安Lumin,晋中,27
长安Lumin,福州,27
长安Lumin,镇江,26
长安Lumin,盐城,26
长安Lumin,铜陵,26
长安Lumin,泉州,25
长安Lumin,临汾,25
长安Lumin,河池,25
长安Lumin,保山,25
长安Lumin,昭通,24
长安Lumin,泰州,24
长安Lumin,柳州,23
长安Lumin,池州,23
长安Lumin,北海,23
长安Lumin,海口,23
长安Lumin,运城,22
长安Lumin,厦门,22
长安Lumin,梧州,22
长安Lumin,深圳,22
长安Lumin,曲靖,21
长安Lumin,莆田,21
长安Lumin,宁波,21
长安Lumin,绵阳,21
长安Lumin,恩施,21
长安Lumin,西安,21
长安Lumin,南京,21
长安Lumin,贵阳,21
长安Lumin,黔西南,20
长安Lumin,揭阳,20
长安Lumin,安顺,20
长安Lumin,宜春,19
长安Lumin,泰安,19
长安Lumin,邵阳,19
长安Lumin,贺州,19
长安Lumin,中山,18
长安Lumin,赣州,18
长安Lumin,遵义,17
长安Lumin,百色,17
长安Lumin,广州,17
长安Lumin,北京,17
长安Lumin,芜湖,16
长安Lumin,渭南,16
长安Lumin,乐山,16
长安Lumin,衡阳,16
长安Lumin,武汉,16
长安Lumin,玉溪,15
长安Lumin,文山,15
长安Lumin,吉安,15
长安Lumin,惠州,15
长安Lumin,乌鲁木齐,15
长安Lumin,长沙,15
长安Lumin,自贡,14
长安Lumin,宜昌,14
长安Lumin,荆州,14
长安Lumin,荆门,14
长安Lumin,南昌,14
长安Lumin,湘西,13
长安Lumin,黔南,13
长安Lumin,梅州,13
长安Lumin,河源,13
长安Lumin,蚌埠,13
长安Lumin,湛江,12
长安Lumin,威海,12
长安Lumin,随州,12
长安Lumin,六安,12
长安Lumin,防城港,12
长安Lumin,大理,12
长安Lumin,普洱,11
长安Lumin,临沧,11
长安Lumin,黄冈,11
长安Lumin,怀化,11
花仙子,天津,107
花仙子,临沂,52
花仙子,柳州,36
花仙子,安庆,31
花仙子,海口,31
花仙子,合肥,26
花仙子,济宁,25
花仙子,台州,21
花仙子,郑州,20
花仙子,南宁,20
花仙子,唐山,18
花仙子,无锡,14
花仙子,漯河,14
花仙子,福州,14
花仙子,重庆,14
花仙子,驻马店,11
花仙子,温州,11
花仙子,苏州,11
花仙子,宁波,11
花仙子,绵阳,11
花仙子,聊城,11
花仙子,邯郸,11
花仙子,亳州,11
宋Pro新能源,深圳,527
宋Pro新能源,广州,449
宋Pro新能源,天津,430
宋Pro新能源,郑州,405
宋Pro新能源,成都,347
宋Pro新能源,西安,332
宋Pro新能源,武汉,301
宋Pro新能源,重庆,276
宋Pro新能源,长沙,197
宋Pro新能源,长春,191
宋Pro新能源,合肥,189
宋Pro新能源,杭州,177
宋Pro新能源,沈阳,172
宋Pro新能源,石家庄,167
宋Pro新能源,苏州,159
宋Pro新能源,唐山,157
宋Pro新能源,太原,152
宋Pro新能源,哈尔滨,152
宋Pro新能源,东莞,150
宋Pro新能源,鄂尔多斯,144
宋Pro新能源,洛阳,135
宋Pro新能源,佛山,127
宋Pro新能源,青岛,116
宋Pro新能源,济南,112
宋Pro新能源,兰州,111
宋Pro新能源,南阳,104
宋Pro新能源,乌鲁木齐,104
宋Pro新能源,保定,102
宋Pro新能源,南昌,102
宋Pro新能源,大连,101
宋Pro新能源,沧州,101
宋Pro新能源,邯郸,94
宋Pro新能源,临沂,92
宋Pro新能源,无锡,90
宋Pro新能源,中山,89
宋Pro新能源,昆明,89
宋Pro新能源,廊坊,87
宋Pro新能源,南宁,86
宋Pro新能源,邢台,81
宋Pro新能源,南京,80
宋Pro新能源,海口,77
宋Pro新能源,北京,75
宋Pro新能源,惠州,74
宋Pro新能源,银川,74
宋Pro新能源,呼和浩特,73
宋Pro新能源,金华,72
宋Pro新能源,包头,69
宋Pro新能源,贵阳,67
宋Pro新能源,温州,62
宋Pro新能源,台州,62
宋Pro新能源,商丘,62
宋Pro新能源,淄博,61
宋Pro新能源,南通,61
宋Pro新能源,江门,61
宋Pro新能源,泉州,59
宋Pro新能源,烟台,57
宋Pro新能源,宁波,55
宋Pro新能源,新乡,54
宋Pro新能源,咸阳,54
宋Pro新能源,绍兴,52
宋Pro新能源,济宁,52
宋Pro新能源,徐州,51
宋Pro新能源,黄石,51
宋Pro新能源,榆林,50
宋Pro新能源,秦皇岛,50
宋Pro新能源,常州,50
宋Pro新能源,连云港,49
宋Pro新能源,福州,49
宋Pro新能源,襄阳,47
宋Pro新能源,信阳,46
宋Pro新能源,平顶山,46
宋Pro新能源,黄冈,46
宋Pro新能源,滨州,46
宋Pro新能源,聊城,45
宋Pro新能源,焦作,44
宋Pro新能源,珠海,43
宋Pro新能源,厦门,43
宋Pro新能源,阜阳,43
宋Pro新能源,驻马店,41
宋Pro新能源,伊犁,41
宋Pro新能源,汕头,41
宋Pro新能源,晋城,41
宋Pro新能源,嘉兴,41
宋Pro新能源,渭南,40
宋Pro新能源,绵阳,39
宋Pro新能源,衡阳,39
宋Pro新能源,蚌埠,39
宋Pro新能源,潍坊,38
宋Pro新能源,六安,36
宋Pro新能源,上海,36
宋Pro新能源,扬州,35
宋Pro新能源,十堰,35
宋Pro新能源,濮阳,35
宋Pro新能源,菏泽,35
宋Pro新能源,株洲,34
宋Pro新能源,九江,34
宋Pro新能源,常德,34
宋Pro新能源,周口,33
宋Pro新能源,许昌,33
宋Pro新能源,赤峰,33
宋Pro新能源,德阳,32
宋Pro新能源,安阳,32
宋Pro新能源,西宁,32
宋Pro新能源,泰州,31
宋Pro新能源,镇江,30
宋Pro新能源,漯河,30
宋Pro新能源,运城,29
宋Pro新能源,宜昌,29
宋Pro新能源,泰安,29
宋Pro新能源,荆州,29
宋Pro新能源,淮安,29
宋Pro新能源,孝感,28
宋Pro新能源,衡水,28
宋Pro新能源,桂林,28
宋Pro新能源,郴州,28
宋Pro新能源,湛江,27
宋Pro新能源,清远,27
宋Pro新能源,湖州,27
宋Pro新能源,湘潭,26
宋Pro新能源,武威,26
宋Pro新能源,茂名,26
宋Pro新能源,开封,26
宋Pro新能源,东营,26
宋Pro新能源,宝鸡,26
宋Pro新能源,阿克苏,26
宋Pro新能源,芜湖,25
宋Pro新能源,眉山,25
宋Pro新能源,荆门,25
宋Pro新能源,宿迁,24
宋Pro新能源,泸州,24
宋Pro新能源,哈密,24
宋Pro新能源,赣州,24
宋Pro新能源,安庆,24
宋Pro新能源,盐城,23
宋Pro新能源,铜陵,23
宋Pro新能源,三亚,23
宋Pro新能源,盘锦,23
宋Pro新能源,柳州,23
宋Pro新能源,临汾,23
宋Pro新能源,喀什,23
宋Pro新能源,吉林,23
宋Pro新能源,承德,23
宋Pro新能源,梅州,22
宋Pro新能源,汉中,22
宋Pro新能源,恩施,22
宋Pro新能源,德州,22
宋Pro新能源,昌吉,22
宋Pro新能源,咸宁,21
宋Pro新能源,遂宁,21
宋Pro新能源,韶关,21
宋Pro新能源,曲靖,21
宋Pro新能源,马鞍山,21
宋Pro新能源,大同,21
宋Pro新能源,长治,21
宋Pro新能源,通辽,20
宋Pro新能源,宿州,20
宋Pro新能源,商洛,20
宋Pro新能源,南充,20
宋Pro新能源,滁州,20
宋Pro新能源,岳阳,19
宋Pro新能源,宜春,19
宋Pro新能源,宜宾,19
宋Pro新能源,三门峡,19
宋Pro新能源,吉安,19
宋Pro新能源,遵义,18
宋Pro新能源,宣城,18
宋Pro新能源,娄底,18
宋Pro新能源,大庆,18
宋Pro新能源,威海,17
宋Pro新能源,邵阳,17
宋Pro新能源,钦州,17
宋Pro新能源,凉山,17
宋Pro新能源,巴彦淖尔,17
宋Pro新能源,阳江,16
宋Pro新能源,延安,16
宋Pro新能源,汕尾,16
宋Pro新能源,齐齐哈尔,16
宋Pro新能源,揭阳,16
宋Pro新能源,怀化,16
宋Pro新能源,鞍山,16
宋Pro新能源,乌兰察布,15
宋Pro新能源,红河,15
宋Pro新能源,亳州,15
宋Pro新能源,白银,15
宋Pro新能源,拉萨,15
宋Pro新能源,枣庄,14
宋Pro新能源,鹰潭,14
宋Pro新能源,营口,14
宋Pro新能源,乌海,14
宋Pro新能源,随州,14
宋Pro新能源,庆阳,14
宋Pro新能源,莆田,14
宋Pro新能源,宁德,14
宋Pro新能源,牡丹江,14
宋Pro新能源,锦州,14
宋Pro新能源,定西,14
宋Pro新能源,平凉,13
宋Pro新能源,攀枝花,13
宋Pro新能源,内江,13
宋Pro新能源,达州,13
宋Pro新能源,漳州,12
宋Pro新能源,铁岭,12
宋Pro新能源,天水,12
宋Pro新能源,呼伦贝尔,12
宋Pro新能源,朝阳,12
宋Pro新能源,毕节,12
宋Pro新能源,玉林,11
宋Pro新能源,益阳,11
宋Pro新能源,衢州,11
宋Pro新能源,黔西南,11
宋Pro新能源,萍乡,11
宋Pro新能源,葫芦岛,11
ID.4 CROZZ,上海,203
ID.4 CROZZ,郑州,155
ID.4 CROZZ,成都,105
ID.4 CROZZ,苏州,103
ID.4 CROZZ,佛山,103
ID.4 CROZZ,厦门,85
ID.4 CROZZ,宁波,81
ID.4 CROZZ,天津,74
ID.4 CROZZ,海口,65
ID.4 CROZZ,北京,61
ID.4 CROZZ,南京,34
ID.4 CROZZ,沈阳,31
ID.4 CROZZ,无锡,29
ID.4 CROZZ,杭州,29
ID.4 CROZZ,深圳,28
ID.4 CROZZ,南通,28
ID.4 CROZZ,重庆,28
ID.4 CROZZ,昆明,27
ID.4 CROZZ,西安,26
ID.4 CROZZ,烟台,25
ID.4 CROZZ,长春,25
ID.4 CROZZ,青岛,24
ID.4 CROZZ,滨州,24
ID.4 CROZZ,武汉,24
ID.4 CROZZ,聊城,23
ID.4 CROZZ,济南,22
ID.4 CROZZ,广州,22
ID.4 CROZZ,温州,20
ID.4 CROZZ,合肥,19
ID.4 CROZZ,德州,18
ID.4 CROZZ,潍坊,16
ID.4 CROZZ,长沙,16
ID.4 CROZZ,台州,14
ID.4 CROZZ,金华,14
ID.4 CROZZ,江门,13
ID.4 CROZZ,许昌,12
ID.4 CROZZ,芜湖,12
ID.4 CROZZ,池州,12
ID.4 CROZZ,保定,12
ID.4 CROZZ,石家庄,12
ID.4 CROZZ,周口,11
ID.4 CROZZ,东营,11
ID.4 CROZZ,南宁,11
宝马iX3,上海,381
宝马iX3,北京,238
宝马iX3,成都,207
宝马iX3,杭州,178
宝马iX3,深圳,142
宝马iX3,广州,114
宝马iX3,南京,113
宝马iX3,苏州,109
宝马iX3,重庆,101
宝马iX3,武汉,97
宝马iX3,无锡,95
宝马iX3,郑州,79
宝马iX3,宁波,77
宝马iX3,金华,77
宝马iX3,长沙,74
宝马iX3,天津,69
宝马iX3,佛山,60
宝马iX3,合肥,59
宝马iX3,青岛,57
宝马iX3,嘉兴,56
宝马iX3,绍兴,53
宝马iX3,东莞,53
宝马iX3,台州,51
宝马iX3,济南,51
宝马iX3,厦门,47
宝马iX3,西安,47
宝马iX3,沈阳,45
宝马iX3,南昌,45
宝马iX3,常州,44
宝马iX3,南通,41
宝马iX3,温州,37
宝马iX3,昆明,37
宝马iX3,石家庄,33
宝马iX3,海口,33
宝马iX3,湖州,29
宝马iX3,贵阳,29
宝马iX3,中山,27
宝马iX3,南宁,27
宝马iX3,福州,27
宝马iX3,遵义,25
宝马iX3,大连,25
宝马iX3,泉州,22
宝马iX3,潍坊,21
宝马iX3,绵阳,19
宝马iX3,太原,19
宝马iX3,扬州,18
宝马iX3,临沂,18
宝马iX3,长春,17
宝马iX3,珠海,16
宝马iX3,烟台,16
宝马iX3,泰州,16
宝马iX3,哈尔滨,16
宝马iX3,惠州,15
宝马iX3,沧州,15
宝马iX3,徐州,14
宝马iX3,乌鲁木齐,13
宝马iX3,盐城,12
宝马iX3,江门,12
宝马iX3,保定,12
海豹,上海,429
海豹,深圳,246
海豹,成都,163
海豹,苏州,153
海豹,杭州,121
海豹,武汉,120
海豹,合肥,101
海豹,广州,101
海豹,南京,96
海豹,重庆,94
海豹,常州,93
海豹,宁波,81
海豹,无锡,77
海豹,温州,76
海豹,长沙,76
海豹,郑州,74
海豹,北京,74
海豹,东莞,71
海豹,金华,66
海豹,佛山,61
海豹,南通,59
海豹,绍兴,55
海豹,徐州,54
海豹,湖州,50
海豹,台州,45
海豹,嘉兴,45
海豹,天津,43
海豹,南昌,42
海豹,青岛,39
海豹,济南,39
海豹,西安,38
海豹,泰州,29
海豹,昆明,29
海豹,福州,29
海豹,中山,28
海豹,泉州,27
海豹,惠州,27
海豹,南宁,27
海豹,宜昌,24
海豹,厦门,24
海豹,济宁,24
海豹,贵阳,24
海豹,潍坊,22
海豹,镇江,20
海豹,盐城,20
海豹,汕头,19
海豹,临沂,19
海豹,淄博,18
海豹,沈阳,18
海豹,烟台,17
海豹,芜湖,16
海豹,洛阳,16
海豹,江门,16
海豹,邯郸,16
海豹,呼和浩特,16
海豹,遵义,15
海豹,襄阳,15
海豹,揭阳,15
海豹,淮安,15
海豹,长春,15
海豹,枣庄,14
海豹,衢州,14
海豹,绵阳,14
海豹,太原,14
海豹,岳阳,13
海豹,唐山,13
海豹,九江,13
海豹,赣州,13
海豹,石家庄,13
海豹,衡阳,12
海豹,大连,12
海豹,沧州,12
海豹,银川,12
海豹,珠海,11
海豹,宜春,11
海豹,连云港,11
海豹,荆州,11
驱逐舰05,深圳,339
驱逐舰05,天津,305
驱逐舰05,成都,220
驱逐舰05,广州,182
驱逐舰05,郑州,168
驱逐舰05,杭州,138
驱逐舰05,重庆,137
驱逐舰05,苏州,136
驱逐舰05,武汉,135
驱逐舰05,西安,127
驱逐舰05,东莞,122
驱逐舰05,北京,120
驱逐舰05,长沙,118
驱逐舰05,大连,99
驱逐舰05,青岛,97
驱逐舰05,沈阳,91
驱逐舰05,合肥,91
驱逐舰05,南京,85
驱逐舰05,佛山,78
驱逐舰05,宁波,76
驱逐舰05,唐山,74
驱逐舰05,洛阳,67
驱逐舰05,南昌,66
驱逐舰05,南宁,62
驱逐舰05,济南,58
驱逐舰05,石家庄,57
驱逐舰05,保定,56
驱逐舰05,常州,53
驱逐舰05,长春,52
驱逐舰05,临沂,50
驱逐舰05,贵阳,50
驱逐舰05,惠州,48
驱逐舰05,太原,48
驱逐舰05,济宁,46
驱逐舰05,温州,45
驱逐舰05,昆明,45
驱逐舰05,赣州,44
驱逐舰05,汕头,43
驱逐舰05,无锡,42
驱逐舰05,烟台,41
驱逐舰05,银川,41
驱逐舰05,厦门,39
驱逐舰05,南通,39
驱逐舰05,邯郸,38
驱逐舰05,呼和浩特,37
驱逐舰05,中山,35
驱逐舰05,台州,35
驱逐舰05,福州,35
驱逐舰05,菏泽,34
驱逐舰05,濮阳,33
驱逐舰05,江门,33
驱逐舰05,阜阳,33
驱逐舰05,邢台,32
驱逐舰05,襄阳,32
驱逐舰05,沧州,32
驱逐舰05,淄博,31
驱逐舰05,东营,31
驱逐舰05,潍坊,30
驱逐舰05,南阳,30
驱逐舰05,金华,30
驱逐舰05,宜昌,28
驱逐舰05,徐州,27
驱逐舰05,泉州,27
驱逐舰05,兰州,27
驱逐舰05,枣庄,26
驱逐舰05,咸阳,26
驱逐舰05,衡水,26
驱逐舰05,信阳,24
驱逐舰05,新乡,24
驱逐舰05,商丘,24
驱逐舰05,连云港,24
驱逐舰05,上海,24
驱逐舰05,周口,23
驱逐舰05,清远,23
驱逐舰05,珠海,22
驱逐舰05,绍兴,22
驱逐舰05,萍乡,22
驱逐舰05,茂名,22
驱逐舰05,聊城,22
驱逐舰05,嘉兴,22
驱逐舰05,长治,22
驱逐舰05,海口,22
驱逐舰05,泰州,21
驱逐舰05,邵阳,21
驱逐舰05,曲靖,21
驱逐舰05,荆州,21
驱逐舰05,抚州,21
驱逐舰05,驻马店,20
驱逐舰05,芜湖,20
驱逐舰05,湖州,20
驱逐舰05,鄂尔多斯,20
驱逐舰05,株洲,19
驱逐舰05,渭南,19
驱逐舰05,上饶,19
驱逐舰05,泸州,19
驱逐舰05,衡阳,19
驱逐舰05,岳阳,18
驱逐舰05,榆林,18
驱逐舰05,威海,18
驱逐舰05,柳州,18
驱逐舰05,通辽,17
驱逐舰05,泰安,17
驱逐舰05,哈尔滨,17
驱逐舰05,衢州,16
驱逐舰05,娄底,16
驱逐舰05,晋中,16
驱逐舰05,焦作,16
驱逐舰05,淮安,16
驱逐舰05,乌鲁木齐,16
驱逐舰05,遵义,15
驱逐舰05,湛江,15
驱逐舰05,许昌,15
驱逐舰05,秦皇岛,15
驱逐舰05,漯河,15
驱逐舰05,开封,15
驱逐舰05,黄石,15
驱逐舰05,红河,15
驱逐舰05,潮州,15
驱逐舰05,亳州,15
驱逐舰05,运城,14
驱逐舰05,宜宾,14
驱逐舰05,湘潭,14
驱逐舰05,六安,14
驱逐舰05,九江,14
驱逐舰05,达州,14
驱逐舰05,昌吉,14
驱逐舰05,常德,14
驱逐舰05,西宁,14
驱逐舰05,永州,13
驱逐舰05,日照,13
驱逐舰05,梅州,13
驱逐舰05,晋城,13
驱逐舰05,吉安,13
驱逐舰05,德州,13
驱逐舰05,滁州,13
驱逐舰05,赤峰,13
驱逐舰05,包头,13
驱逐舰05,阳江,12
驱逐舰05,平顶山,12
驱逐舰05,桂林,12
驱逐舰05,滨州,12
驱逐舰05,玉林,11
驱逐舰05,鹰潭,11
驱逐舰05,宜春,11
驱逐舰05,延安,11
驱逐舰05,南充,11
驱逐舰05,吕梁,11
驱逐舰05,荆门,11
驱逐舰05,揭阳,11
驱逐舰05,鹤壁,11
驱逐舰05,安阳,11
比亚迪e2,温州,90
比亚迪e2,赣州,83
比亚迪e2,上海,78
比亚迪e2,苏州,76
比亚迪e2,厦门,68
比亚迪e2,杭州,59
比亚迪e2,成都,59
比亚迪e2,宁波,58
比亚迪e2,金华,53
比亚迪e2,合肥,51
比亚迪e2,广州,51
比亚迪e2,东莞,48
比亚迪e2,郑州,48
比亚迪e2,北京,43
比亚迪e2,贵阳,42
比亚迪e2,深圳,41
比亚迪e2,泉州,40
比亚迪e2,佛山,40
比亚迪e2,台州,39
比亚迪e2,无锡,38
比亚迪e2,武汉,38
比亚迪e2,重庆,38
比亚迪e2,南昌,37
比亚迪e2,绍兴,36
比亚迪e2,天津,34
比亚迪e2,常州,32
比亚迪e2,南通,31
比亚迪e2,长沙,31
比亚迪e2,太原,30
比亚迪e2,济南,30
比亚迪e2,湛江,25
比亚迪e2,河源,25
比亚迪e2,惠州,23
比亚迪e2,南京,23
比亚迪e2,枣庄,22
比亚迪e2,嘉兴,22
比亚迪e2,茂名,21
比亚迪e2,汕头,20
比亚迪e2,南宁,20
比亚迪e2,沧州,19
比亚迪e2,海口,19
比亚迪e2,遵义,18
比亚迪e2,中山,18
比亚迪e2,珠海,17
比亚迪e2,萍乡,17
比亚迪e2,临汾,17
比亚迪e2,济宁,17
比亚迪e2,西安,17
比亚迪e2,淄博,15
比亚迪e2,镇江,15
比亚迪e2,肇庆,15
比亚迪e2,盐城,15
比亚迪e2,上饶,15
比亚迪e2,日照,15
比亚迪e2,江门,15
比亚迪e2,保定,15
比亚迪e2,徐州,14
比亚迪e2,泰州,14
比亚迪e2,龙岩,14
比亚迪e2,九江,14
比亚迪e2,滨州,14
比亚迪e2,岳阳,13
比亚迪e2,韶关,13
比亚迪e2,衢州,13
比亚迪e2,梅州,13
比亚迪e2,柳州,13
比亚迪e2,阜阳,13
比亚迪e2,沈阳,13
比亚迪e2,梧州,12
比亚迪e2,唐山,12
比亚迪e2,清远,12
比亚迪e2,青岛,12
比亚迪e2,吉安,12
比亚迪e2,乌鲁木齐,12
比亚迪e2,昆明,12
比亚迪e2,漳州,11
比亚迪e2,潍坊,11
比亚迪e2,六安,11
比亚迪e2,临沂,11
比亚迪e2,连云港,11
比亚迪e2,黄冈,11
比亚迪e2,鄂尔多斯,11
比亚迪e2,大连,11
比亚迪e2,石家庄,11
逸动新能源,重庆,292
逸动新能源,济南,98
逸动新能源,长沙,55
逸动新能源,合肥,21
逸动新能源,成都,17
逸动新能源,昆明,14
逸动新能源,南京,12
东风纳米EX1,济宁,63
东风纳米EX1,武汉,61
东风纳米EX1,成都,60
东风纳米EX1,郑州,55
东风纳米EX1,阜阳,48
东风纳米EX1,青岛,44
东风纳米EX1,天津,44
东风纳米EX1,徐州,40
东风纳米EX1,九江,36
东风纳米EX1,金华,36
东风纳米EX1,烟台,34
东风纳米EX1,苏州,33
东风纳米EX1,宁波,33
东风纳米EX1,无锡,32
东风纳米EX1,十堰,32
东风纳米EX1,合肥,30
东风纳米EX1,台州,29
东风纳米EX1,德阳,29
东风纳米EX1,滨州,29
东风纳米EX1,聊城,28
东风纳米EX1,焦作,26
东风纳米EX1,邯郸,25
东风纳米EX1,南宁,24
东风纳米EX1,襄阳,23
东风纳米EX1,芜湖,22
东风纳米EX1,佛山,22
东风纳米EX1,石家庄,22
东风纳米EX1,重庆,22
东风纳米EX1,潍坊,20
东风纳米EX1,淄博,19
东风纳米EX1,株洲,19
东风纳米EX1,枣庄,19
东风纳米EX1,包头,18
东风纳米EX1,海口,18
东风纳米EX1,中山,17
东风纳米EX1,深圳,17
东风纳米EX1,洛阳,17
东风纳米EX1,汕头,16
东风纳米EX1,南阳,16
东风纳米EX1,廊坊,16
东风纳米EX1,运城,15
东风纳米EX1,商丘,15
东风纳米EX1,桂林,15
东风纳米EX1,鄂州,15
东风纳米EX1,扬州,14
东风纳米EX1,宣城,14
东风纳米EX1,临沂,14
东风纳米EX1,沈阳,14
东风纳米EX1,宜昌,13
东风纳米EX1,邢台,13
东风纳米EX1,温州,13
东风纳米EX1,淮北,13
东风纳米EX1,菏泽,13
东风纳米EX1,泰州,12
东风纳米EX1,荆州,12
东风纳米EX1,嘉兴,12
东风纳米EX1,常德,12
东风纳米EX1,昆明,12
东风纳米EX1,济南,12
东风纳米EX1,宿州,11
东风纳米EX1,荆门,11
东风纳米EX1,黄冈,11
东风纳米EX1,衡阳,11
东风纳米EX1,亳州,11
东风纳米EX1,西安,11
小鹏G3,上海,43
小鹏G3,深圳,30
小鹏G3,杭州,16
小鹏G3,广州,16
小鹏G3,苏州,15
小鹏G3,成都,14
小鹏G3,青岛,12
小鹏G3,北京,11
问界M5,重庆,277
问界M5,上海,249
问界M5,苏州,160
问界M5,深圳,139
问界M5,杭州,137
问界M5,成都,135
问界M5,广州,89
问界M5,武汉,86
问界M5,宁波,73
问界M5,西安,73
问界M5,北京,70
问界M5,南宁,69
问界M5,长沙,64
问界M5,金华,60
问界M5,温州,53
问界M5,郑州,53
问界M5,南京,53
问界M5,无锡,47
问界M5,佛山,46
问界M5,扬州,44
问界M5,泉州,43
问界M5,厦门,42
问界M5,银川,39
问界M5,天津,39
问界M5,中山,38
问界M5,常州,38
问界M5,合肥,38
问界M5,贵阳,38
问界M5,淮安,36
问界M5,嘉兴,35
问界M5,太原,35
问界M5,东莞,33
问界M5,宿迁,32
问界M5,南昌,31
问界M5,台州,30
问界M5,遵义,29
问界M5,福州,29
问界M5,绍兴,28
问界M5,宜昌,27
问界M5,青岛,27
问界M5,乌鲁木齐,27
问界M5,济南,27
问界M5,大同,22
问界M5,烟台,21
问界M5,新余,21
问界M5,泰州,21
问界M5,沈阳,21
问界M5,湖州,20
问界M5,鄂尔多斯,20
问界M5,沧州,20
问界M5,昆明,20
问界M5,海口,20
问界M5,包头,19
问界M5,兰州,19
问界M5,南通,18
问界M5,大连,18
问界M5,珠海,17
问界M5,郴州,17
问界M5,唐山,16
问界M5,南充,16
问界M5,连云港,16
问界M5,惠州,16
问界M5,亳州,16
问界M5,潍坊,15
问界M5,江门,15
问界M5,西宁,15
问界M5,东营,14
问界M5,呼和浩特,14
问界M5,绵阳,13
问界M5,邯郸,13
问界M5,石家庄,13
问界M5,哈尔滨,13
问界M5,岳阳,12
问界M5,湘潭,12
问界M5,盐城,11
问界M5,咸阳,11
问界M5,柳州,11
问界M5,抚州,11
问界M5,滨州,11
问界M5,长春,11
理想L9,杭州,436
理想L9,成都,431
理想L9,北京,371
理想L9,深圳,306
理想L9,广州,290
理想L9,郑州,274
理想L9,重庆,217
理想L9,西安,192
理想L9,常州,186
理想L9,上海,178
理想L9,中山,169
理想L9,武汉,159
理想L9,佛山,142
理想L9,东莞,121
理想L9,汕头,113
理想L9,青岛,112
理想L9,天津,112
理想L9,苏州,111
理想L9,沈阳,103
理想L9,长沙,103
理想L9,宁波,100
理想L9,哈尔滨,97
理想L9,石家庄,93
理想L9,金华,90
理想L9,济南,90
理想L9,太原,85
理想L9,厦门,84
理想L9,长春,84
理想L9,合肥,79
理想L9,台州,75
理想L9,贵阳,73
理想L9,南京,71
理想L9,南宁,69
理想L9,乌鲁木齐,63
理想L9,南昌,61
理想L9,大连,56
理想L9,昆明,50
理想L9,海口,50
理想L9,无锡,49
理想L9,温州,48
理想L9,绍兴,46
理想L9,洛阳,44
理想L9,福州,40
理想L9,唐山,38
理想L9,嘉兴,38
理想L9,呼和浩特,38
理想L9,淄博,37
理想L9,泉州,37
理想L9,惠州,36
理想L9,邯郸,36
理想L9,三亚,35
理想L9,潍坊,34
理想L9,保定,33
理想L9,临沂,31
理想L9,鄂尔多斯,31
理想L9,银川,30
理想L9,烟台,28
理想L9,兰州,28
理想L9,济宁,26
理想L9,遵义,25
理想L9,徐州,25
理想L9,包头,22
理想L9,淮安,20
理想L9,西宁,20
理想L9,湖州,17
理想L9,拉萨,17
理想L9,南充,16
理想L9,秦皇岛,15
理想L9,榆林,14
理想L9,南通,14
理想L9,襄阳,13
理想L9,扬州,12
理想L9,湛江,11
理想L9,新乡,11
理想L9,芜湖,11
理想L9,阜阳,11
宝马5系新能源,深圳,28
宝马5系新能源,苏州,22
宝马5系新能源,沈阳,21
宝马5系新能源,广州,18
宝马5系新能源,成都,18
宝马5系新能源,佛山,15
宝马5系新能源,青岛,14
宝马5系新能源,武汉,14
宝马5系新能源,上海,14
宝马5系新能源,杭州,14
宝马5系新能源,西安,13
宝马5系新能源,南京,13
宝马5系新能源,昆明,13
宝马5系新能源,重庆,13
宝马5系新能源,南通,12
宝马5系新能源,郑州,12
宝马5系新能源,无锡,11
宝马5系新能源,嘉兴,11
宝马5系新能源,南宁,11
